2026-02-09 01:19:50 [INFO] ==========================================
2026-02-09 01:19:50 [INFO] Demarrage de la sauvegarde MongoDB
2026-02-09 01:19:50 [INFO] ==========================================
2026-02-09 01:19:50 [INFO] Container MongoDB detecte: maison-mongodb
2026-02-09 01:19:50 [INFO] Creation du dump MongoDB...
2026-02-09T01:19:50.731+0000	writing gansou_db.reservations to /tmp/mongodb_backup_2026-02-09_01-19-50/gansou_db/reservations.bson
2026-02-09T01:19:50.732+0000	writing gansou_db.authsecurityaudits to /tmp/mongodb_backup_2026-02-09_01-19-50/gansou_db/authsecurityaudits.bson
2026-02-09T01:19:50.733+0000	writing gansou_db.projects to /tmp/mongodb_backup_2026-02-09_01-19-50/gansou_db/projects.bson
2026-02-09T01:19:50.733+0000	writing gansou_db.authsessions to /tmp/mongodb_backup_2026-02-09_01-19-50/gansou_db/authsessions.bson
2026-02-09T01:19:50.736+0000	done dumping gansou_db.reservations (25 documents)
2026-02-09T01:19:50.736+0000	writing gansou_db.messages to /tmp/mongodb_backup_2026-02-09_01-19-50/gansou_db/messages.bson
2026-02-09T01:19:50.742+0000	done dumping gansou_db.authsessions (11 documents)
2026-02-09T01:19:50.743+0000	writing gansou_db.offers to /tmp/mongodb_backup_2026-02-09_01-19-50/gansou_db/offers.bson
2026-02-09T01:19:50.744+0000	done dumping gansou_db.authsecurityaudits (22 documents)
2026-02-09T01:19:50.744+0000	writing gansou_db.tags to /tmp/mongodb_backup_2026-02-09_01-19-50/gansou_db/tags.bson
2026-02-09T01:19:50.744+0000	done dumping gansou_db.projects (12 documents)
2026-02-09T01:19:50.744+0000	writing gansou_db.authidentities to /tmp/mongodb_backup_2026-02-09_01-19-50/gansou_db/authidentities.bson
2026-02-09T01:19:50.744+0000	done dumping gansou_db.messages (8 documents)
2026-02-09T01:19:50.745+0000	writing gansou_db.admins to /tmp/mongodb_backup_2026-02-09_01-19-50/gansou_db/admins.bson
2026-02-09T01:19:50.746+0000	done dumping gansou_db.authidentities (3 documents)
2026-02-09T01:19:50.746+0000	writing gansou_db.authidentitysecurities to /tmp/mongodb_backup_2026-02-09_01-19-50/gansou_db/authidentitysecurities.bson
2026-02-09T01:19:50.746+0000	done dumping gansou_db.tags (3 documents)
2026-02-09T01:19:50.747+0000	writing gansou_db.mfaconfigs to /tmp/mongodb_backup_2026-02-09_01-19-50/gansou_db/mfaconfigs.bson
2026-02-09T01:19:50.747+0000	done dumping gansou_db.offers (4 documents)
2026-02-09T01:19:50.747+0000	writing gansou_db.articles to /tmp/mongodb_backup_2026-02-09_01-19-50/gansou_db/articles.bson
2026-02-09T01:19:50.747+0000	done dumping gansou_db.admins (3 documents)
2026-02-09T01:19:50.747+0000	writing gansou_db.sections to /tmp/mongodb_backup_2026-02-09_01-19-50/gansou_db/sections.bson
2026-02-09T01:19:50.748+0000	done dumping gansou_db.authidentitysecurities (3 documents)
2026-02-09T01:19:50.749+0000	done dumping gansou_db.articles (0 documents)
2026-02-09T01:19:50.750+0000	done dumping gansou_db.sections (0 documents)
2026-02-09T01:19:50.751+0000	done dumping gansou_db.mfaconfigs (0 documents)
2026-02-09 01:19:50 [[0;32mSUCCESS[0m] Dump MongoDB cree avec succes
2026-02-09 01:19:50 [INFO] Compression du backup...
mongodb_backup_2026-02-09_01-19-50/
mongodb_backup_2026-02-09_01-19-50/gansou_db/
mongodb_backup_2026-02-09_01-19-50/gansou_db/offers.metadata.json
mongodb_backup_2026-02-09_01-19-50/gansou_db/sections.bson
mongodb_backup_2026-02-09_01-19-50/gansou_db/mfaconfigs.bson
mongodb_backup_2026-02-09_01-19-50/gansou_db/authidentitysecurities.metadata.json
mongodb_backup_2026-02-09_01-19-50/gansou_db/projects.bson
mongodb_backup_2026-02-09_01-19-50/gansou_db/projects.metadata.json
mongodb_backup_2026-02-09_01-19-50/gansou_db/reservations.metadata.json
mongodb_backup_2026-02-09_01-19-50/gansou_db/articles.metadata.json
mongodb_backup_2026-02-09_01-19-50/gansou_db/reservations.bson
mongodb_backup_2026-02-09_01-19-50/gansou_db/mfaconfigs.metadata.json
mongodb_backup_2026-02-09_01-19-50/gansou_db/prelude.json
mongodb_backup_2026-02-09_01-19-50/gansou_db/offers.bson
mongodb_backup_2026-02-09_01-19-50/gansou_db/authidentitysecurities.bson
mongodb_backup_2026-02-09_01-19-50/gansou_db/authidentities.metadata.json
mongodb_backup_2026-02-09_01-19-50/gansou_db/tags.metadata.json
mongodb_backup_2026-02-09_01-19-50/gansou_db/articles.bson
mongodb_backup_2026-02-09_01-19-50/gansou_db/messages.metadata.json
mongodb_backup_2026-02-09_01-19-50/gansou_db/messages.bson
mongodb_backup_2026-02-09_01-19-50/gansou_db/authsessions.metadata.json
mongodb_backup_2026-02-09_01-19-50/gansou_db/authsecurityaudits.metadata.json
mongodb_backup_2026-02-09_01-19-50/gansou_db/authsessions.bson
mongodb_backup_2026-02-09_01-19-50/gansou_db/tags.bson
mongodb_backup_2026-02-09_01-19-50/gansou_db/sections.metadata.json
mongodb_backup_2026-02-09_01-19-50/gansou_db/admins.bson
mongodb_backup_2026-02-09_01-19-50/gansou_db/authidentities.bson
mongodb_backup_2026-02-09_01-19-50/gansou_db/admins.metadata.json
mongodb_backup_2026-02-09_01-19-50/gansou_db/authsecurityaudits.bson
2026-02-09 01:19:50 [[0;32mSUCCESS[0m] Backup compresse: /root/MaisonGANSOU/backups/mongodb/mongodb_backup_2026-02-09_01-19-50.tar.gz (16K)
2026-02-09 01:19:50 [[1;33mWARNING[0m] Configuration S3 incomplete. Backup local uniquement.
2026-02-09 01:19:50 [[1;33mWARNING[0m] Configurez les variables AWS dans /root/MaisonGANSOU/backend/.env
2026-02-09 01:19:50 [INFO] Nettoyage des anciens backups (> 30 jours)...
2026-02-09 01:19:50 [INFO] 0 ancien(s) backup(s) supprime(s)
2026-02-09 01:19:50 [INFO] ==========================================
2026-02-09 01:19:50 [[0;32mSUCCESS[0m] Sauvegarde terminee avec succes!
2026-02-09 01:19:50 [INFO] Fichier local: /root/MaisonGANSOU/backups/mongodb/mongodb_backup_2026-02-09_01-19-50.tar.gz
2026-02-09 01:19:50 [INFO] Taille: 16K
2026-02-09 01:19:50 [INFO] ==========================================
2026-02-09 01:19:50 [INFO] Backups disponibles:
-rw-rw-r-- 1 root root 16K Feb  9 01:19 /root/MaisonGANSOU/backups/mongodb/mongodb_backup_2026-02-09_01-19-50.tar.gz
2026-02-15 03:00:01 [INFO] ==========================================
2026-02-15 03:00:01 [INFO] ==========================================
2026-02-15 03:00:01 [INFO] Demarrage de la sauvegarde MongoDB
2026-02-15 03:00:01 [INFO] Demarrage de la sauvegarde MongoDB
2026-02-15 03:00:01 [INFO] ==========================================
2026-02-15 03:00:01 [INFO] ==========================================
2026-02-15 03:00:01 [INFO] Container MongoDB detecte: maison-mongodb
2026-02-15 03:00:01 [INFO] Container MongoDB detecte: maison-mongodb
2026-02-15 03:00:01 [INFO] Creation du dump MongoDB...
2026-02-15 03:00:01 [INFO] Creation du dump MongoDB...
2026-02-15T03:00:01.872+0000	writing gansou_db.authsecurityaudits to /tmp/mongodb_backup_2026-02-15_03-00-01/gansou_db/authsecurityaudits.bson
2026-02-15T03:00:01.872+0000	writing gansou_db.authsecurityaudits to /tmp/mongodb_backup_2026-02-15_03-00-01/gansou_db/authsecurityaudits.bson
2026-02-15T03:00:01.873+0000	writing gansou_db.reservations to /tmp/mongodb_backup_2026-02-15_03-00-01/gansou_db/reservations.bson
2026-02-15T03:00:01.873+0000	writing gansou_db.reservations to /tmp/mongodb_backup_2026-02-15_03-00-01/gansou_db/reservations.bson
2026-02-15T03:00:01.873+0000	writing gansou_db.authsessions to /tmp/mongodb_backup_2026-02-15_03-00-01/gansou_db/authsessions.bson
2026-02-15T03:00:01.873+0000	writing gansou_db.authsessions to /tmp/mongodb_backup_2026-02-15_03-00-01/gansou_db/authsessions.bson
2026-02-15T03:00:01.873+0000	writing gansou_db.projects to /tmp/mongodb_backup_2026-02-15_03-00-01/gansou_db/projects.bson
2026-02-15T03:00:01.873+0000	writing gansou_db.projects to /tmp/mongodb_backup_2026-02-15_03-00-01/gansou_db/projects.bson
2026-02-15T03:00:01.879+0000	done dumping gansou_db.authsessions (17 documents)
2026-02-15T03:00:01.879+0000	done dumping gansou_db.authsessions (17 documents)
2026-02-15T03:00:01.880+0000	writing gansou_db.messages to /tmp/mongodb_backup_2026-02-15_03-00-01/gansou_db/messages.bson
2026-02-15T03:00:01.880+0000	writing gansou_db.messages to /tmp/mongodb_backup_2026-02-15_03-00-01/gansou_db/messages.bson
2026-02-15T03:00:01.881+0000	done dumping gansou_db.projects (13 documents)
2026-02-15T03:00:01.881+0000	writing gansou_db.authidentitysecurities to /tmp/mongodb_backup_2026-02-15_03-00-01/gansou_db/authidentitysecurities.bson
2026-02-15T03:00:01.881+0000	done dumping gansou_db.authsecurityaudits (34 documents)
2026-02-15T03:00:01.881+0000	writing gansou_db.offers to /tmp/mongodb_backup_2026-02-15_03-00-01/gansou_db/offers.bson
2026-02-15T03:00:01.881+0000	done dumping gansou_db.projects (13 documents)
2026-02-15T03:00:01.881+0000	writing gansou_db.authidentitysecurities to /tmp/mongodb_backup_2026-02-15_03-00-01/gansou_db/authidentitysecurities.bson
2026-02-15T03:00:01.881+0000	done dumping gansou_db.authsecurityaudits (34 documents)
2026-02-15T03:00:01.881+0000	writing gansou_db.offers to /tmp/mongodb_backup_2026-02-15_03-00-01/gansou_db/offers.bson
2026-02-15T03:00:01.882+0000	done dumping gansou_db.reservations (25 documents)
2026-02-15T03:00:01.882+0000	writing gansou_db.tags to /tmp/mongodb_backup_2026-02-15_03-00-01/gansou_db/tags.bson
2026-02-15T03:00:01.882+0000	done dumping gansou_db.reservations (25 documents)
2026-02-15T03:00:01.882+0000	writing gansou_db.tags to /tmp/mongodb_backup_2026-02-15_03-00-01/gansou_db/tags.bson
2026-02-15T03:00:01.883+0000	done dumping gansou_db.authidentitysecurities (4 documents)
2026-02-15T03:00:01.883+0000	done dumping gansou_db.authidentitysecurities (4 documents)
2026-02-15T03:00:01.883+0000	writing gansou_db.authidentities to /tmp/mongodb_backup_2026-02-15_03-00-01/gansou_db/authidentities.bson
2026-02-15T03:00:01.883+0000	writing gansou_db.authidentities to /tmp/mongodb_backup_2026-02-15_03-00-01/gansou_db/authidentities.bson
2026-02-15T03:00:01.883+0000	done dumping gansou_db.tags (3 documents)
2026-02-15T03:00:01.883+0000	done dumping gansou_db.tags (3 documents)
2026-02-15T03:00:01.884+0000	writing gansou_db.admins to /tmp/mongodb_backup_2026-02-15_03-00-01/gansou_db/admins.bson
2026-02-15T03:00:01.884+0000	writing gansou_db.admins to /tmp/mongodb_backup_2026-02-15_03-00-01/gansou_db/admins.bson
2026-02-15T03:00:01.884+0000	done dumping gansou_db.messages (11 documents)
2026-02-15T03:00:01.884+0000	done dumping gansou_db.messages (11 documents)
2026-02-15T03:00:01.884+0000	writing gansou_db.mfaconfigs to /tmp/mongodb_backup_2026-02-15_03-00-01/gansou_db/mfaconfigs.bson
2026-02-15T03:00:01.884+0000	writing gansou_db.mfaconfigs to /tmp/mongodb_backup_2026-02-15_03-00-01/gansou_db/mfaconfigs.bson
2026-02-15T03:00:01.884+0000	done dumping gansou_db.offers (4 documents)
2026-02-15T03:00:01.884+0000	writing gansou_db.articles to /tmp/mongodb_backup_2026-02-15_03-00-01/gansou_db/articles.bson
2026-02-15T03:00:01.884+0000	done dumping gansou_db.offers (4 documents)
2026-02-15T03:00:01.884+0000	writing gansou_db.articles to /tmp/mongodb_backup_2026-02-15_03-00-01/gansou_db/articles.bson
2026-02-15T03:00:01.885+0000	done dumping gansou_db.authidentities (3 documents)
2026-02-15T03:00:01.885+0000	writing gansou_db.sections to /tmp/mongodb_backup_2026-02-15_03-00-01/gansou_db/sections.bson
2026-02-15T03:00:01.885+0000	done dumping gansou_db.authidentities (3 documents)
2026-02-15T03:00:01.885+0000	writing gansou_db.sections to /tmp/mongodb_backup_2026-02-15_03-00-01/gansou_db/sections.bson
2026-02-15T03:00:01.886+0000	done dumping gansou_db.articles (0 documents)
2026-02-15T03:00:01.886+0000	done dumping gansou_db.articles (0 documents)
2026-02-15T03:00:01.887+0000	done dumping gansou_db.admins (3 documents)
2026-02-15T03:00:01.887+0000	done dumping gansou_db.admins (3 documents)
2026-02-15T03:00:01.888+0000	done dumping gansou_db.mfaconfigs (0 documents)
2026-02-15T03:00:01.888+0000	done dumping gansou_db.mfaconfigs (0 documents)
2026-02-15T03:00:01.889+0000	done dumping gansou_db.sections (0 documents)
2026-02-15T03:00:01.889+0000	done dumping gansou_db.sections (0 documents)
2026-02-15 03:00:02 [[0;32mSUCCESS[0m] Dump MongoDB cree avec succes
2026-02-15 03:00:02 [[0;32mSUCCESS[0m] Dump MongoDB cree avec succes
2026-02-15 03:00:02 [INFO] Compression du backup...
2026-02-15 03:00:02 [INFO] Compression du backup...
mongodb_backup_2026-02-15_03-00-01/
mongodb_backup_2026-02-15_03-00-01/gansou_db/
mongodb_backup_2026-02-15_03-00-01/gansou_db/offers.metadata.json
mongodb_backup_2026-02-15_03-00-01/gansou_db/sections.bson
mongodb_backup_2026-02-15_03-00-01/gansou_db/mfaconfigs.bson
mongodb_backup_2026-02-15_03-00-01/gansou_db/authidentitysecurities.metadata.json
mongodb_backup_2026-02-15_03-00-01/gansou_db/projects.bson
mongodb_backup_2026-02-15_03-00-01/gansou_db/projects.metadata.json
mongodb_backup_2026-02-15_03-00-01/gansou_db/reservations.metadata.json
mongodb_backup_2026-02-15_03-00-01/gansou_db/articles.metadata.json
mongodb_backup_2026-02-15_03-00-01/gansou_db/reservations.bson
mongodb_backup_2026-02-15_03-00-01/
mongodb_backup_2026-02-15_03-00-01/gansou_db/
mongodb_backup_2026-02-15_03-00-01/gansou_db/offers.metadata.json
mongodb_backup_2026-02-15_03-00-01/gansou_db/sections.bson
mongodb_backup_2026-02-15_03-00-01/gansou_db/mfaconfigs.bson
mongodb_backup_2026-02-15_03-00-01/gansou_db/authidentitysecurities.metadata.json
mongodb_backup_2026-02-15_03-00-01/gansou_db/projects.bson
mongodb_backup_2026-02-15_03-00-01/gansou_db/projects.metadata.json
mongodb_backup_2026-02-15_03-00-01/gansou_db/reservations.metadata.json
mongodb_backup_2026-02-15_03-00-01/gansou_db/articles.metadata.json
mongodb_backup_2026-02-15_03-00-01/gansou_db/reservations.bson
mongodb_backup_2026-02-15_03-00-01/gansou_db/mfaconfigs.metadata.json
mongodb_backup_2026-02-15_03-00-01/gansou_db/mfaconfigs.metadata.json
mongodb_backup_2026-02-15_03-00-01/gansou_db/prelude.json
mongodb_backup_2026-02-15_03-00-01/gansou_db/prelude.json
mongodb_backup_2026-02-15_03-00-01/gansou_db/offers.bson
mongodb_backup_2026-02-15_03-00-01/gansou_db/offers.bson
mongodb_backup_2026-02-15_03-00-01/gansou_db/authidentitysecurities.bson
mongodb_backup_2026-02-15_03-00-01/gansou_db/authidentitysecurities.bson
mongodb_backup_2026-02-15_03-00-01/gansou_db/authidentities.metadata.json
mongodb_backup_2026-02-15_03-00-01/gansou_db/authidentities.metadata.json
mongodb_backup_2026-02-15_03-00-01/gansou_db/tags.metadata.json
mongodb_backup_2026-02-15_03-00-01/gansou_db/tags.metadata.json
mongodb_backup_2026-02-15_03-00-01/gansou_db/articles.bson
mongodb_backup_2026-02-15_03-00-01/gansou_db/articles.bson
mongodb_backup_2026-02-15_03-00-01/gansou_db/messages.metadata.json
mongodb_backup_2026-02-15_03-00-01/gansou_db/messages.metadata.json
mongodb_backup_2026-02-15_03-00-01/gansou_db/messages.bson
mongodb_backup_2026-02-15_03-00-01/gansou_db/messages.bson
mongodb_backup_2026-02-15_03-00-01/gansou_db/authsessions.metadata.json
mongodb_backup_2026-02-15_03-00-01/gansou_db/authsessions.metadata.json
mongodb_backup_2026-02-15_03-00-01/gansou_db/authsecurityaudits.metadata.json
mongodb_backup_2026-02-15_03-00-01/gansou_db/authsecurityaudits.metadata.json
mongodb_backup_2026-02-15_03-00-01/gansou_db/authsessions.bson
mongodb_backup_2026-02-15_03-00-01/gansou_db/authsessions.bson
mongodb_backup_2026-02-15_03-00-01/gansou_db/tags.bson
mongodb_backup_2026-02-15_03-00-01/gansou_db/tags.bson
mongodb_backup_2026-02-15_03-00-01/gansou_db/sections.metadata.json
mongodb_backup_2026-02-15_03-00-01/gansou_db/sections.metadata.json
mongodb_backup_2026-02-15_03-00-01/gansou_db/admins.bson
mongodb_backup_2026-02-15_03-00-01/gansou_db/admins.bson
mongodb_backup_2026-02-15_03-00-01/gansou_db/authidentities.bson
mongodb_backup_2026-02-15_03-00-01/gansou_db/authidentities.bson
mongodb_backup_2026-02-15_03-00-01/gansou_db/admins.metadata.json
mongodb_backup_2026-02-15_03-00-01/gansou_db/admins.metadata.json
mongodb_backup_2026-02-15_03-00-01/gansou_db/authsecurityaudits.bson
mongodb_backup_2026-02-15_03-00-01/gansou_db/authsecurityaudits.bson
2026-02-15 03:00:02 [[0;32mSUCCESS[0m] Backup compresse: /root/MaisonGANSOU/backups/mongodb/mongodb_backup_2026-02-15_03-00-01.tar.gz (20K)
2026-02-15 03:00:02 [[0;32mSUCCESS[0m] Backup compresse: /root/MaisonGANSOU/backups/mongodb/mongodb_backup_2026-02-15_03-00-01.tar.gz (20K)
2026-02-15 03:00:02 [[1;33mWARNING[0m] Configuration S3 incomplete. Backup local uniquement.
2026-02-15 03:00:02 [[1;33mWARNING[0m] Configuration S3 incomplete. Backup local uniquement.
2026-02-15 03:00:02 [[1;33mWARNING[0m] Configurez les variables AWS dans /root/MaisonGANSOU/backend/.env
2026-02-15 03:00:02 [[1;33mWARNING[0m] Configurez les variables AWS dans /root/MaisonGANSOU/backend/.env
2026-02-15 03:00:02 [INFO] Nettoyage des anciens backups (> 30 jours)...
2026-02-15 03:00:02 [INFO] Nettoyage des anciens backups (> 30 jours)...
2026-02-15 03:00:02 [INFO] 0 ancien(s) backup(s) supprime(s)
2026-02-15 03:00:02 [INFO] 0 ancien(s) backup(s) supprime(s)
2026-02-15 03:00:02 [INFO] ==========================================
2026-02-15 03:00:02 [INFO] ==========================================
2026-02-15 03:00:02 [[0;32mSUCCESS[0m] Sauvegarde terminee avec succes!
2026-02-15 03:00:02 [[0;32mSUCCESS[0m] Sauvegarde terminee avec succes!
2026-02-15 03:00:02 [INFO] Fichier local: /root/MaisonGANSOU/backups/mongodb/mongodb_backup_2026-02-15_03-00-01.tar.gz
2026-02-15 03:00:02 [INFO] Fichier local: /root/MaisonGANSOU/backups/mongodb/mongodb_backup_2026-02-15_03-00-01.tar.gz
2026-02-15 03:00:02 [INFO] Taille: 20K
2026-02-15 03:00:02 [INFO] Taille: 20K
2026-02-15 03:00:02 [INFO] ==========================================
2026-02-15 03:00:02 [INFO] ==========================================
2026-02-15 03:00:02 [INFO] Backups disponibles:
2026-02-15 03:00:02 [INFO] Backups disponibles:
-rw-rw-r-- 1 root root 16K Feb  9 01:19 /root/MaisonGANSOU/backups/mongodb/mongodb_backup_2026-02-09_01-19-50.tar.gz
-rw-r--r-- 1 root root 19K Feb 15 03:00 /root/MaisonGANSOU/backups/mongodb/mongodb_backup_2026-02-15_03-00-01.tar.gz
-rw-rw-r-- 1 root root 16K Feb  9 01:19 /root/MaisonGANSOU/backups/mongodb/mongodb_backup_2026-02-09_01-19-50.tar.gz
-rw-r--r-- 1 root root 19K Feb 15 03:00 /root/MaisonGANSOU/backups/mongodb/mongodb_backup_2026-02-15_03-00-01.tar.gz
2026-02-22 03:00:01 [INFO] ==========================================
2026-02-22 03:00:01 [INFO] ==========================================
2026-02-22 03:00:01 [INFO] Demarrage de la sauvegarde MongoDB
2026-02-22 03:00:01 [INFO] Demarrage de la sauvegarde MongoDB
2026-02-22 03:00:01 [INFO] ==========================================
2026-02-22 03:00:01 [INFO] ==========================================
2026-02-22 03:00:01 [INFO] Container MongoDB detecte: maison-mongodb
2026-02-22 03:00:01 [INFO] Container MongoDB detecte: maison-mongodb
2026-02-22 03:00:01 [INFO] Creation du dump MongoDB...
2026-02-22 03:00:01 [INFO] Creation du dump MongoDB...
2026-02-22T03:00:02.125+0000	writing gansou_db.authsecurityaudits to /tmp/mongodb_backup_2026-02-22_03-00-01/gansou_db/authsecurityaudits.bson
2026-02-22T03:00:02.127+0000	writing gansou_db.reservations to /tmp/mongodb_backup_2026-02-22_03-00-01/gansou_db/reservations.bson
2026-02-22T03:00:02.127+0000	writing gansou_db.authsessions to /tmp/mongodb_backup_2026-02-22_03-00-01/gansou_db/authsessions.bson
2026-02-22T03:00:02.127+0000	writing gansou_db.projects to /tmp/mongodb_backup_2026-02-22_03-00-01/gansou_db/projects.bson
2026-02-22T03:00:02.125+0000	writing gansou_db.authsecurityaudits to /tmp/mongodb_backup_2026-02-22_03-00-01/gansou_db/authsecurityaudits.bson
2026-02-22T03:00:02.127+0000	writing gansou_db.reservations to /tmp/mongodb_backup_2026-02-22_03-00-01/gansou_db/reservations.bson
2026-02-22T03:00:02.127+0000	writing gansou_db.authsessions to /tmp/mongodb_backup_2026-02-22_03-00-01/gansou_db/authsessions.bson
2026-02-22T03:00:02.127+0000	writing gansou_db.projects to /tmp/mongodb_backup_2026-02-22_03-00-01/gansou_db/projects.bson
2026-02-22T03:00:02.134+0000	done dumping gansou_db.authsessions (17 documents)
2026-02-22T03:00:02.134+0000	writing gansou_db.messages to /tmp/mongodb_backup_2026-02-22_03-00-01/gansou_db/messages.bson
2026-02-22T03:00:02.134+0000	done dumping gansou_db.authsessions (17 documents)
2026-02-22T03:00:02.134+0000	writing gansou_db.messages to /tmp/mongodb_backup_2026-02-22_03-00-01/gansou_db/messages.bson
2026-02-22T03:00:02.136+0000	done dumping gansou_db.reservations (25 documents)
2026-02-22T03:00:02.136+0000	writing gansou_db.authidentitysecurities to /tmp/mongodb_backup_2026-02-22_03-00-01/gansou_db/authidentitysecurities.bson
2026-02-22T03:00:02.136+0000	done dumping gansou_db.reservations (25 documents)
2026-02-22T03:00:02.136+0000	writing gansou_db.authidentitysecurities to /tmp/mongodb_backup_2026-02-22_03-00-01/gansou_db/authidentitysecurities.bson
2026-02-22T03:00:02.137+0000	done dumping gansou_db.projects (13 documents)
2026-02-22T03:00:02.137+0000	writing gansou_db.offers to /tmp/mongodb_backup_2026-02-22_03-00-01/gansou_db/offers.bson
2026-02-22T03:00:02.137+0000	done dumping gansou_db.projects (13 documents)
2026-02-22T03:00:02.137+0000	writing gansou_db.offers to /tmp/mongodb_backup_2026-02-22_03-00-01/gansou_db/offers.bson
2026-02-22T03:00:02.140+0000	done dumping gansou_db.authsecurityaudits (34 documents)
2026-02-22T03:00:02.140+0000	writing gansou_db.tags to /tmp/mongodb_backup_2026-02-22_03-00-01/gansou_db/tags.bson
2026-02-22T03:00:02.140+0000	done dumping gansou_db.authsecurityaudits (34 documents)
2026-02-22T03:00:02.140+0000	writing gansou_db.tags to /tmp/mongodb_backup_2026-02-22_03-00-01/gansou_db/tags.bson
2026-02-22T03:00:02.142+0000	done dumping gansou_db.authidentitysecurities (4 documents)
2026-02-22T03:00:02.142+0000	writing gansou_db.authidentities to /tmp/mongodb_backup_2026-02-22_03-00-01/gansou_db/authidentities.bson
2026-02-22T03:00:02.142+0000	done dumping gansou_db.authidentitysecurities (4 documents)
2026-02-22T03:00:02.142+0000	writing gansou_db.authidentities to /tmp/mongodb_backup_2026-02-22_03-00-01/gansou_db/authidentities.bson
2026-02-22T03:00:02.144+0000	done dumping gansou_db.messages (11 documents)
2026-02-22T03:00:02.144+0000	done dumping gansou_db.messages (11 documents)
2026-02-22T03:00:02.144+0000	writing gansou_db.admins to /tmp/mongodb_backup_2026-02-22_03-00-01/gansou_db/admins.bson
2026-02-22T03:00:02.144+0000	writing gansou_db.admins to /tmp/mongodb_backup_2026-02-22_03-00-01/gansou_db/admins.bson
2026-02-22T03:00:02.146+0000	done dumping gansou_db.tags (3 documents)
2026-02-22T03:00:02.146+0000	done dumping gansou_db.tags (3 documents)
2026-02-22T03:00:02.147+0000	writing gansou_db.mfaconfigs to /tmp/mongodb_backup_2026-02-22_03-00-01/gansou_db/mfaconfigs.bson
2026-02-22T03:00:02.147+0000	writing gansou_db.mfaconfigs to /tmp/mongodb_backup_2026-02-22_03-00-01/gansou_db/mfaconfigs.bson
2026-02-22T03:00:02.148+0000	done dumping gansou_db.offers (4 documents)
2026-02-22T03:00:02.148+0000	done dumping gansou_db.offers (4 documents)
2026-02-22T03:00:02.149+0000	writing gansou_db.articles to /tmp/mongodb_backup_2026-02-22_03-00-01/gansou_db/articles.bson
2026-02-22T03:00:02.149+0000	writing gansou_db.articles to /tmp/mongodb_backup_2026-02-22_03-00-01/gansou_db/articles.bson
2026-02-22T03:00:02.150+0000	done dumping gansou_db.authidentities (3 documents)
2026-02-22T03:00:02.150+0000	writing gansou_db.sections to /tmp/mongodb_backup_2026-02-22_03-00-01/gansou_db/sections.bson
2026-02-22T03:00:02.150+0000	done dumping gansou_db.authidentities (3 documents)
2026-02-22T03:00:02.150+0000	writing gansou_db.sections to /tmp/mongodb_backup_2026-02-22_03-00-01/gansou_db/sections.bson
2026-02-22T03:00:02.151+0000	done dumping gansou_db.admins (3 documents)
2026-02-22T03:00:02.151+0000	done dumping gansou_db.admins (3 documents)
2026-02-22T03:00:02.152+0000	done dumping gansou_db.sections (0 documents)
2026-02-22T03:00:02.152+0000	done dumping gansou_db.sections (0 documents)
2026-02-22T03:00:02.154+0000	done dumping gansou_db.mfaconfigs (0 documents)
2026-02-22T03:00:02.154+0000	done dumping gansou_db.mfaconfigs (0 documents)
2026-02-22T03:00:02.154+0000	done dumping gansou_db.articles (0 documents)
2026-02-22T03:00:02.154+0000	done dumping gansou_db.articles (0 documents)
2026-02-22 03:00:02 [[0;32mSUCCESS[0m] Dump MongoDB cree avec succes
2026-02-22 03:00:02 [[0;32mSUCCESS[0m] Dump MongoDB cree avec succes
2026-02-22 03:00:02 [INFO] Compression du backup...
2026-02-22 03:00:02 [INFO] Compression du backup...
mongodb_backup_2026-02-22_03-00-01/
mongodb_backup_2026-02-22_03-00-01/gansou_db/
mongodb_backup_2026-02-22_03-00-01/gansou_db/offers.metadata.json
mongodb_backup_2026-02-22_03-00-01/gansou_db/sections.bson
mongodb_backup_2026-02-22_03-00-01/gansou_db/mfaconfigs.bson
mongodb_backup_2026-02-22_03-00-01/gansou_db/authidentitysecurities.metadata.json
mongodb_backup_2026-02-22_03-00-01/gansou_db/projects.bson
mongodb_backup_2026-02-22_03-00-01/gansou_db/projects.metadata.json
mongodb_backup_2026-02-22_03-00-01/gansou_db/reservations.metadata.json
mongodb_backup_2026-02-22_03-00-01/gansou_db/articles.metadata.json
mongodb_backup_2026-02-22_03-00-01/gansou_db/reservations.bson
mongodb_backup_2026-02-22_03-00-01/gansou_db/mfaconfigs.metadata.json
mongodb_backup_2026-02-22_03-00-01/gansou_db/prelude.json
mongodb_backup_2026-02-22_03-00-01/gansou_db/offers.bson
mongodb_backup_2026-02-22_03-00-01/gansou_db/authidentitysecurities.bson
mongodb_backup_2026-02-22_03-00-01/gansou_db/authidentities.metadata.json
mongodb_backup_2026-02-22_03-00-01/gansou_db/tags.metadata.json
mongodb_backup_2026-02-22_03-00-01/gansou_db/articles.bson
mongodb_backup_2026-02-22_03-00-01/gansou_db/messages.metadata.json
mongodb_backup_2026-02-22_03-00-01/gansou_db/messages.bson
mongodb_backup_2026-02-22_03-00-01/gansou_db/authsessions.metadata.json
mongodb_backup_2026-02-22_03-00-01/gansou_db/authsecurityaudits.metadata.json
mongodb_backup_2026-02-22_03-00-01/
mongodb_backup_2026-02-22_03-00-01/gansou_db/
mongodb_backup_2026-02-22_03-00-01/gansou_db/offers.metadata.json
mongodb_backup_2026-02-22_03-00-01/gansou_db/sections.bson
mongodb_backup_2026-02-22_03-00-01/gansou_db/mfaconfigs.bson
mongodb_backup_2026-02-22_03-00-01/gansou_db/authidentitysecurities.metadata.json
mongodb_backup_2026-02-22_03-00-01/gansou_db/projects.bson
mongodb_backup_2026-02-22_03-00-01/gansou_db/projects.metadata.json
mongodb_backup_2026-02-22_03-00-01/gansou_db/reservations.metadata.json
mongodb_backup_2026-02-22_03-00-01/gansou_db/articles.metadata.json
mongodb_backup_2026-02-22_03-00-01/gansou_db/reservations.bson
mongodb_backup_2026-02-22_03-00-01/gansou_db/mfaconfigs.metadata.json
mongodb_backup_2026-02-22_03-00-01/gansou_db/prelude.json
mongodb_backup_2026-02-22_03-00-01/gansou_db/offers.bson
mongodb_backup_2026-02-22_03-00-01/gansou_db/authidentitysecurities.bson
mongodb_backup_2026-02-22_03-00-01/gansou_db/authidentities.metadata.json
mongodb_backup_2026-02-22_03-00-01/gansou_db/tags.metadata.json
mongodb_backup_2026-02-22_03-00-01/gansou_db/articles.bson
mongodb_backup_2026-02-22_03-00-01/gansou_db/messages.metadata.json
mongodb_backup_2026-02-22_03-00-01/gansou_db/messages.bson
mongodb_backup_2026-02-22_03-00-01/gansou_db/authsessions.metadata.json
mongodb_backup_2026-02-22_03-00-01/gansou_db/authsecurityaudits.metadata.json
mongodb_backup_2026-02-22_03-00-01/gansou_db/authsessions.bson
mongodb_backup_2026-02-22_03-00-01/gansou_db/tags.bson
mongodb_backup_2026-02-22_03-00-01/gansou_db/sections.metadata.json
mongodb_backup_2026-02-22_03-00-01/gansou_db/admins.bson
mongodb_backup_2026-02-22_03-00-01/gansou_db/authidentities.bson
mongodb_backup_2026-02-22_03-00-01/gansou_db/admins.metadata.json
mongodb_backup_2026-02-22_03-00-01/gansou_db/authsecurityaudits.bson
mongodb_backup_2026-02-22_03-00-01/gansou_db/authsessions.bson
mongodb_backup_2026-02-22_03-00-01/gansou_db/tags.bson
mongodb_backup_2026-02-22_03-00-01/gansou_db/sections.metadata.json
mongodb_backup_2026-02-22_03-00-01/gansou_db/admins.bson
mongodb_backup_2026-02-22_03-00-01/gansou_db/authidentities.bson
mongodb_backup_2026-02-22_03-00-01/gansou_db/admins.metadata.json
mongodb_backup_2026-02-22_03-00-01/gansou_db/authsecurityaudits.bson
2026-02-22 03:00:02 [[0;32mSUCCESS[0m] Backup compresse: /root/MaisonGANSOU/backups/mongodb/mongodb_backup_2026-02-22_03-00-01.tar.gz (20K)
2026-02-22 03:00:02 [[0;32mSUCCESS[0m] Backup compresse: /root/MaisonGANSOU/backups/mongodb/mongodb_backup_2026-02-22_03-00-01.tar.gz (20K)
2026-02-22 03:00:02 [[1;33mWARNING[0m] Configuration S3 incomplete. Backup local uniquement.
2026-02-22 03:00:02 [[1;33mWARNING[0m] Configuration S3 incomplete. Backup local uniquement.
2026-02-22 03:00:02 [[1;33mWARNING[0m] Configurez les variables AWS dans /root/MaisonGANSOU/backend/.env
2026-02-22 03:00:02 [[1;33mWARNING[0m] Configurez les variables AWS dans /root/MaisonGANSOU/backend/.env
2026-02-22 03:00:02 [INFO] Nettoyage des anciens backups (> 30 jours)...
2026-02-22 03:00:02 [INFO] Nettoyage des anciens backups (> 30 jours)...
2026-02-22 03:00:02 [INFO] 0 ancien(s) backup(s) supprime(s)
2026-02-22 03:00:02 [INFO] 0 ancien(s) backup(s) supprime(s)
2026-02-22 03:00:02 [INFO] ==========================================
2026-02-22 03:00:02 [INFO] ==========================================
2026-02-22 03:00:02 [[0;32mSUCCESS[0m] Sauvegarde terminee avec succes!
2026-02-22 03:00:02 [[0;32mSUCCESS[0m] Sauvegarde terminee avec succes!
2026-02-22 03:00:02 [INFO] Fichier local: /root/MaisonGANSOU/backups/mongodb/mongodb_backup_2026-02-22_03-00-01.tar.gz
2026-02-22 03:00:02 [INFO] Fichier local: /root/MaisonGANSOU/backups/mongodb/mongodb_backup_2026-02-22_03-00-01.tar.gz
2026-02-22 03:00:02 [INFO] Taille: 20K
2026-02-22 03:00:02 [INFO] Taille: 20K
2026-02-22 03:00:02 [INFO] ==========================================
2026-02-22 03:00:02 [INFO] ==========================================
2026-02-22 03:00:02 [INFO] Backups disponibles:
2026-02-22 03:00:02 [INFO] Backups disponibles:
-rw-rw-r-- 1 root root 16K Feb  9 01:19 /root/MaisonGANSOU/backups/mongodb/mongodb_backup_2026-02-09_01-19-50.tar.gz
-rw-r--r-- 1 root root 19K Feb 15 03:00 /root/MaisonGANSOU/backups/mongodb/mongodb_backup_2026-02-15_03-00-01.tar.gz
-rw-r--r-- 1 root root 19K Feb 22 03:00 /root/MaisonGANSOU/backups/mongodb/mongodb_backup_2026-02-22_03-00-01.tar.gz
-rw-rw-r-- 1 root root 16K Feb  9 01:19 /root/MaisonGANSOU/backups/mongodb/mongodb_backup_2026-02-09_01-19-50.tar.gz
-rw-r--r-- 1 root root 19K Feb 15 03:00 /root/MaisonGANSOU/backups/mongodb/mongodb_backup_2026-02-15_03-00-01.tar.gz
-rw-r--r-- 1 root root 19K Feb 22 03:00 /root/MaisonGANSOU/backups/mongodb/mongodb_backup_2026-02-22_03-00-01.tar.gz
2026-03-01 03:00:01 [INFO] ==========================================
2026-03-01 03:00:01 [INFO] ==========================================
2026-03-01 03:00:01 [INFO] Demarrage de la sauvegarde MongoDB
2026-03-01 03:00:01 [INFO] Demarrage de la sauvegarde MongoDB
2026-03-01 03:00:01 [INFO] ==========================================
2026-03-01 03:00:01 [INFO] ==========================================
2026-03-01 03:00:02 [INFO] Container MongoDB detecte: maison-mongodb
2026-03-01 03:00:02 [INFO] Container MongoDB detecte: maison-mongodb
2026-03-01 03:00:02 [INFO] Creation du dump MongoDB...
2026-03-01 03:00:02 [INFO] Creation du dump MongoDB...
2026-03-01T03:00:02.320+0000	writing gansou_db.authsecurityaudits to /tmp/mongodb_backup_2026-03-01_03-00-01/gansou_db/authsecurityaudits.bson
2026-03-01T03:00:02.321+0000	writing gansou_db.reservations to /tmp/mongodb_backup_2026-03-01_03-00-01/gansou_db/reservations.bson
2026-03-01T03:00:02.322+0000	writing gansou_db.authsessions to /tmp/mongodb_backup_2026-03-01_03-00-01/gansou_db/authsessions.bson
2026-03-01T03:00:02.322+0000	writing gansou_db.projects to /tmp/mongodb_backup_2026-03-01_03-00-01/gansou_db/projects.bson
2026-03-01T03:00:02.320+0000	writing gansou_db.authsecurityaudits to /tmp/mongodb_backup_2026-03-01_03-00-01/gansou_db/authsecurityaudits.bson
2026-03-01T03:00:02.321+0000	writing gansou_db.reservations to /tmp/mongodb_backup_2026-03-01_03-00-01/gansou_db/reservations.bson
2026-03-01T03:00:02.322+0000	writing gansou_db.authsessions to /tmp/mongodb_backup_2026-03-01_03-00-01/gansou_db/authsessions.bson
2026-03-01T03:00:02.322+0000	writing gansou_db.projects to /tmp/mongodb_backup_2026-03-01_03-00-01/gansou_db/projects.bson
2026-03-01T03:00:02.325+0000	done dumping gansou_db.authsecurityaudits (34 documents)
2026-03-01T03:00:02.325+0000	writing gansou_db.messages to /tmp/mongodb_backup_2026-03-01_03-00-01/gansou_db/messages.bson
2026-03-01T03:00:02.325+0000	done dumping gansou_db.authsecurityaudits (34 documents)
2026-03-01T03:00:02.325+0000	writing gansou_db.messages to /tmp/mongodb_backup_2026-03-01_03-00-01/gansou_db/messages.bson
2026-03-01T03:00:02.328+0000	done dumping gansou_db.reservations (25 documents)
2026-03-01T03:00:02.328+0000	done dumping gansou_db.reservations (25 documents)
2026-03-01T03:00:02.328+0000	writing gansou_db.authidentitysecurities to /tmp/mongodb_backup_2026-03-01_03-00-01/gansou_db/authidentitysecurities.bson
2026-03-01T03:00:02.328+0000	done dumping gansou_db.authsessions (17 documents)
2026-03-01T03:00:02.328+0000	writing gansou_db.offers to /tmp/mongodb_backup_2026-03-01_03-00-01/gansou_db/offers.bson
2026-03-01T03:00:02.329+0000	done dumping gansou_db.projects (13 documents)
2026-03-01T03:00:02.329+0000	writing gansou_db.tags to /tmp/mongodb_backup_2026-03-01_03-00-01/gansou_db/tags.bson
2026-03-01T03:00:02.328+0000	writing gansou_db.authidentitysecurities to /tmp/mongodb_backup_2026-03-01_03-00-01/gansou_db/authidentitysecurities.bson
2026-03-01T03:00:02.328+0000	done dumping gansou_db.authsessions (17 documents)
2026-03-01T03:00:02.328+0000	writing gansou_db.offers to /tmp/mongodb_backup_2026-03-01_03-00-01/gansou_db/offers.bson
2026-03-01T03:00:02.329+0000	done dumping gansou_db.projects (13 documents)
2026-03-01T03:00:02.329+0000	writing gansou_db.tags to /tmp/mongodb_backup_2026-03-01_03-00-01/gansou_db/tags.bson
2026-03-01T03:00:02.329+0000	done dumping gansou_db.messages (11 documents)
2026-03-01T03:00:02.329+0000	writing gansou_db.authidentities to /tmp/mongodb_backup_2026-03-01_03-00-01/gansou_db/authidentities.bson
2026-03-01T03:00:02.329+0000	done dumping gansou_db.messages (11 documents)
2026-03-01T03:00:02.329+0000	writing gansou_db.authidentities to /tmp/mongodb_backup_2026-03-01_03-00-01/gansou_db/authidentities.bson
2026-03-01T03:00:02.331+0000	done dumping gansou_db.authidentitysecurities (4 documents)
2026-03-01T03:00:02.331+0000	done dumping gansou_db.authidentitysecurities (4 documents)
2026-03-01T03:00:02.331+0000	writing gansou_db.admins to /tmp/mongodb_backup_2026-03-01_03-00-01/gansou_db/admins.bson
2026-03-01T03:00:02.331+0000	writing gansou_db.admins to /tmp/mongodb_backup_2026-03-01_03-00-01/gansou_db/admins.bson
2026-03-01T03:00:02.331+0000	done dumping gansou_db.tags (3 documents)
2026-03-01T03:00:02.331+0000	done dumping gansou_db.tags (3 documents)
2026-03-01T03:00:02.331+0000	writing gansou_db.mfaconfigs to /tmp/mongodb_backup_2026-03-01_03-00-01/gansou_db/mfaconfigs.bson
2026-03-01T03:00:02.331+0000	writing gansou_db.mfaconfigs to /tmp/mongodb_backup_2026-03-01_03-00-01/gansou_db/mfaconfigs.bson
2026-03-01T03:00:02.332+0000	done dumping gansou_db.offers (4 documents)
2026-03-01T03:00:02.332+0000	writing gansou_db.articles to /tmp/mongodb_backup_2026-03-01_03-00-01/gansou_db/articles.bson
2026-03-01T03:00:02.332+0000	done dumping gansou_db.offers (4 documents)
2026-03-01T03:00:02.332+0000	writing gansou_db.articles to /tmp/mongodb_backup_2026-03-01_03-00-01/gansou_db/articles.bson
2026-03-01T03:00:02.332+0000	done dumping gansou_db.authidentities (3 documents)
2026-03-01T03:00:02.332+0000	writing gansou_db.sections to /tmp/mongodb_backup_2026-03-01_03-00-01/gansou_db/sections.bson
2026-03-01T03:00:02.332+0000	done dumping gansou_db.authidentities (3 documents)
2026-03-01T03:00:02.332+0000	writing gansou_db.sections to /tmp/mongodb_backup_2026-03-01_03-00-01/gansou_db/sections.bson
2026-03-01T03:00:02.332+0000	done dumping gansou_db.mfaconfigs (0 documents)
2026-03-01T03:00:02.332+0000	done dumping gansou_db.mfaconfigs (0 documents)
2026-03-01T03:00:02.333+0000	done dumping gansou_db.articles (0 documents)
2026-03-01T03:00:02.333+0000	done dumping gansou_db.articles (0 documents)
2026-03-01T03:00:02.333+0000	done dumping gansou_db.admins (3 documents)
2026-03-01T03:00:02.333+0000	done dumping gansou_db.admins (3 documents)
2026-03-01T03:00:02.333+0000	done dumping gansou_db.sections (0 documents)
2026-03-01T03:00:02.333+0000	done dumping gansou_db.sections (0 documents)
2026-03-01 03:00:02 [[0;32mSUCCESS[0m] Dump MongoDB cree avec succes
2026-03-01 03:00:02 [[0;32mSUCCESS[0m] Dump MongoDB cree avec succes
2026-03-01 03:00:02 [INFO] Compression du backup...
2026-03-01 03:00:02 [INFO] Compression du backup...
mongodb_backup_2026-03-01_03-00-01/
mongodb_backup_2026-03-01_03-00-01/gansou_db/
mongodb_backup_2026-03-01_03-00-01/gansou_db/offers.metadata.json
mongodb_backup_2026-03-01_03-00-01/gansou_db/sections.bson
mongodb_backup_2026-03-01_03-00-01/gansou_db/mfaconfigs.bson
mongodb_backup_2026-03-01_03-00-01/gansou_db/authidentitysecurities.metadata.json
mongodb_backup_2026-03-01_03-00-01/gansou_db/projects.bson
mongodb_backup_2026-03-01_03-00-01/gansou_db/projects.metadata.json
mongodb_backup_2026-03-01_03-00-01/gansou_db/reservations.metadata.json
mongodb_backup_2026-03-01_03-00-01/gansou_db/articles.metadata.json
mongodb_backup_2026-03-01_03-00-01/gansou_db/reservations.bson
mongodb_backup_2026-03-01_03-00-01/gansou_db/mfaconfigs.metadata.json
mongodb_backup_2026-03-01_03-00-01/gansou_db/prelude.json
mongodb_backup_2026-03-01_03-00-01/gansou_db/offers.bson
mongodb_backup_2026-03-01_03-00-01/gansou_db/authidentitysecurities.bson
mongodb_backup_2026-03-01_03-00-01/gansou_db/authidentities.metadata.json
mongodb_backup_2026-03-01_03-00-01/gansou_db/tags.metadata.json
mongodb_backup_2026-03-01_03-00-01/gansou_db/articles.bson
mongodb_backup_2026-03-01_03-00-01/gansou_db/messages.metadata.json
mongodb_backup_2026-03-01_03-00-01/gansou_db/messages.bson
mongodb_backup_2026-03-01_03-00-01/gansou_db/authsessions.metadata.json
mongodb_backup_2026-03-01_03-00-01/gansou_db/authsecurityaudits.metadata.json
mongodb_backup_2026-03-01_03-00-01/
mongodb_backup_2026-03-01_03-00-01/gansou_db/
mongodb_backup_2026-03-01_03-00-01/gansou_db/offers.metadata.json
mongodb_backup_2026-03-01_03-00-01/gansou_db/sections.bson
mongodb_backup_2026-03-01_03-00-01/gansou_db/mfaconfigs.bson
mongodb_backup_2026-03-01_03-00-01/gansou_db/authidentitysecurities.metadata.json
mongodb_backup_2026-03-01_03-00-01/gansou_db/projects.bson
mongodb_backup_2026-03-01_03-00-01/gansou_db/projects.metadata.json
mongodb_backup_2026-03-01_03-00-01/gansou_db/reservations.metadata.json
mongodb_backup_2026-03-01_03-00-01/gansou_db/articles.metadata.json
mongodb_backup_2026-03-01_03-00-01/gansou_db/reservations.bson
mongodb_backup_2026-03-01_03-00-01/gansou_db/mfaconfigs.metadata.json
mongodb_backup_2026-03-01_03-00-01/gansou_db/prelude.json
mongodb_backup_2026-03-01_03-00-01/gansou_db/offers.bson
mongodb_backup_2026-03-01_03-00-01/gansou_db/authidentitysecurities.bson
mongodb_backup_2026-03-01_03-00-01/gansou_db/authidentities.metadata.json
mongodb_backup_2026-03-01_03-00-01/gansou_db/tags.metadata.json
mongodb_backup_2026-03-01_03-00-01/gansou_db/articles.bson
mongodb_backup_2026-03-01_03-00-01/gansou_db/messages.metadata.json
mongodb_backup_2026-03-01_03-00-01/gansou_db/messages.bson
mongodb_backup_2026-03-01_03-00-01/gansou_db/authsessions.metadata.json
mongodb_backup_2026-03-01_03-00-01/gansou_db/authsecurityaudits.metadata.json
mongodb_backup_2026-03-01_03-00-01/gansou_db/authsessions.bson
mongodb_backup_2026-03-01_03-00-01/gansou_db/tags.bson
mongodb_backup_2026-03-01_03-00-01/gansou_db/sections.metadata.json
mongodb_backup_2026-03-01_03-00-01/gansou_db/admins.bson
mongodb_backup_2026-03-01_03-00-01/gansou_db/authidentities.bson
mongodb_backup_2026-03-01_03-00-01/gansou_db/admins.metadata.json
mongodb_backup_2026-03-01_03-00-01/gansou_db/authsecurityaudits.bson
mongodb_backup_2026-03-01_03-00-01/gansou_db/authsessions.bson
mongodb_backup_2026-03-01_03-00-01/gansou_db/tags.bson
mongodb_backup_2026-03-01_03-00-01/gansou_db/sections.metadata.json
mongodb_backup_2026-03-01_03-00-01/gansou_db/admins.bson
mongodb_backup_2026-03-01_03-00-01/gansou_db/authidentities.bson
mongodb_backup_2026-03-01_03-00-01/gansou_db/admins.metadata.json
mongodb_backup_2026-03-01_03-00-01/gansou_db/authsecurityaudits.bson
2026-03-01 03:00:02 [[0;32mSUCCESS[0m] Backup compresse: /root/MaisonGANSOU/backups/mongodb/mongodb_backup_2026-03-01_03-00-01.tar.gz (20K)
2026-03-01 03:00:02 [[0;32mSUCCESS[0m] Backup compresse: /root/MaisonGANSOU/backups/mongodb/mongodb_backup_2026-03-01_03-00-01.tar.gz (20K)
2026-03-01 03:00:02 [[1;33mWARNING[0m] Configuration S3 incomplete. Backup local uniquement.
2026-03-01 03:00:02 [[1;33mWARNING[0m] Configuration S3 incomplete. Backup local uniquement.
2026-03-01 03:00:02 [[1;33mWARNING[0m] Configurez les variables AWS dans /root/MaisonGANSOU/backend/.env
2026-03-01 03:00:02 [[1;33mWARNING[0m] Configurez les variables AWS dans /root/MaisonGANSOU/backend/.env
2026-03-01 03:00:02 [INFO] Nettoyage des anciens backups (> 30 jours)...
2026-03-01 03:00:02 [INFO] Nettoyage des anciens backups (> 30 jours)...
2026-03-01 03:00:02 [INFO] 0 ancien(s) backup(s) supprime(s)
2026-03-01 03:00:02 [INFO] 0 ancien(s) backup(s) supprime(s)
2026-03-01 03:00:02 [INFO] ==========================================
2026-03-01 03:00:02 [INFO] ==========================================
2026-03-01 03:00:02 [[0;32mSUCCESS[0m] Sauvegarde terminee avec succes!
2026-03-01 03:00:02 [[0;32mSUCCESS[0m] Sauvegarde terminee avec succes!
2026-03-01 03:00:02 [INFO] Fichier local: /root/MaisonGANSOU/backups/mongodb/mongodb_backup_2026-03-01_03-00-01.tar.gz
2026-03-01 03:00:02 [INFO] Fichier local: /root/MaisonGANSOU/backups/mongodb/mongodb_backup_2026-03-01_03-00-01.tar.gz
2026-03-01 03:00:02 [INFO] Taille: 20K
2026-03-01 03:00:02 [INFO] Taille: 20K
2026-03-01 03:00:02 [INFO] ==========================================
2026-03-01 03:00:02 [INFO] ==========================================
2026-03-01 03:00:02 [INFO] Backups disponibles:
2026-03-01 03:00:02 [INFO] Backups disponibles:
-rw-rw-r-- 1 root root 16K Feb  9 01:19 /root/MaisonGANSOU/backups/mongodb/mongodb_backup_2026-02-09_01-19-50.tar.gz
-rw-r--r-- 1 root root 19K Feb 15 03:00 /root/MaisonGANSOU/backups/mongodb/mongodb_backup_2026-02-15_03-00-01.tar.gz
-rw-r--r-- 1 root root 19K Feb 22 03:00 /root/MaisonGANSOU/backups/mongodb/mongodb_backup_2026-02-22_03-00-01.tar.gz
-rw-r--r-- 1 root root 19K Mar  1 03:00 /root/MaisonGANSOU/backups/mongodb/mongodb_backup_2026-03-01_03-00-01.tar.gz
-rw-rw-r-- 1 root root 16K Feb  9 01:19 /root/MaisonGANSOU/backups/mongodb/mongodb_backup_2026-02-09_01-19-50.tar.gz
-rw-r--r-- 1 root root 19K Feb 15 03:00 /root/MaisonGANSOU/backups/mongodb/mongodb_backup_2026-02-15_03-00-01.tar.gz
-rw-r--r-- 1 root root 19K Feb 22 03:00 /root/MaisonGANSOU/backups/mongodb/mongodb_backup_2026-02-22_03-00-01.tar.gz
-rw-r--r-- 1 root root 19K Mar  1 03:00 /root/MaisonGANSOU/backups/mongodb/mongodb_backup_2026-03-01_03-00-01.tar.gz
2026-03-08 03:00:01 [INFO] ==========================================
2026-03-08 03:00:01 [INFO] ==========================================
2026-03-08 03:00:01 [INFO] Demarrage de la sauvegarde MongoDB
2026-03-08 03:00:01 [INFO] Demarrage de la sauvegarde MongoDB
2026-03-08 03:00:01 [INFO] ==========================================
2026-03-08 03:00:01 [INFO] ==========================================
2026-03-08 03:00:01 [INFO] Container MongoDB detecte: maison-mongodb
2026-03-08 03:00:01 [INFO] Container MongoDB detecte: maison-mongodb
2026-03-08 03:00:01 [INFO] Creation du dump MongoDB...
2026-03-08 03:00:01 [INFO] Creation du dump MongoDB...
2026-03-08T03:00:01.300+0000	writing gansou_db.authsecurityaudits to /tmp/mongodb_backup_2026-03-08_03-00-01/gansou_db/authsecurityaudits.bson
2026-03-08T03:00:01.301+0000	writing gansou_db.reservations to /tmp/mongodb_backup_2026-03-08_03-00-01/gansou_db/reservations.bson
2026-03-08T03:00:01.300+0000	writing gansou_db.authsecurityaudits to /tmp/mongodb_backup_2026-03-08_03-00-01/gansou_db/authsecurityaudits.bson
2026-03-08T03:00:01.301+0000	writing gansou_db.reservations to /tmp/mongodb_backup_2026-03-08_03-00-01/gansou_db/reservations.bson
2026-03-08T03:00:01.301+0000	writing gansou_db.authsessions to /tmp/mongodb_backup_2026-03-08_03-00-01/gansou_db/authsessions.bson
2026-03-08T03:00:01.301+0000	writing gansou_db.authsessions to /tmp/mongodb_backup_2026-03-08_03-00-01/gansou_db/authsessions.bson
2026-03-08T03:00:01.301+0000	writing gansou_db.projects to /tmp/mongodb_backup_2026-03-08_03-00-01/gansou_db/projects.bson
2026-03-08T03:00:01.301+0000	writing gansou_db.projects to /tmp/mongodb_backup_2026-03-08_03-00-01/gansou_db/projects.bson
2026-03-08T03:00:01.303+0000	done dumping gansou_db.reservations (25 documents)
2026-03-08T03:00:01.303+0000	done dumping gansou_db.reservations (25 documents)
2026-03-08T03:00:01.303+0000	writing gansou_db.messages to /tmp/mongodb_backup_2026-03-08_03-00-01/gansou_db/messages.bson
2026-03-08T03:00:01.303+0000	writing gansou_db.messages to /tmp/mongodb_backup_2026-03-08_03-00-01/gansou_db/messages.bson
2026-03-08T03:00:01.304+0000	done dumping gansou_db.authsecurityaudits (34 documents)
2026-03-08T03:00:01.304+0000	done dumping gansou_db.authsecurityaudits (34 documents)
2026-03-08T03:00:01.304+0000	writing gansou_db.authidentitysecurities to /tmp/mongodb_backup_2026-03-08_03-00-01/gansou_db/authidentitysecurities.bson
2026-03-08T03:00:01.304+0000	writing gansou_db.authidentitysecurities to /tmp/mongodb_backup_2026-03-08_03-00-01/gansou_db/authidentitysecurities.bson
2026-03-08T03:00:01.305+0000	done dumping gansou_db.authsessions (17 documents)
2026-03-08T03:00:01.305+0000	writing gansou_db.offers to /tmp/mongodb_backup_2026-03-08_03-00-01/gansou_db/offers.bson
2026-03-08T03:00:01.305+0000	done dumping gansou_db.authsessions (17 documents)
2026-03-08T03:00:01.305+0000	writing gansou_db.offers to /tmp/mongodb_backup_2026-03-08_03-00-01/gansou_db/offers.bson
2026-03-08T03:00:01.307+0000	done dumping gansou_db.projects (13 documents)
2026-03-08T03:00:01.308+0000	writing gansou_db.tags to /tmp/mongodb_backup_2026-03-08_03-00-01/gansou_db/tags.bson
2026-03-08T03:00:01.307+0000	done dumping gansou_db.projects (13 documents)
2026-03-08T03:00:01.308+0000	writing gansou_db.tags to /tmp/mongodb_backup_2026-03-08_03-00-01/gansou_db/tags.bson
2026-03-08T03:00:01.309+0000	done dumping gansou_db.messages (11 documents)
2026-03-08T03:00:01.309+0000	writing gansou_db.authidentities to /tmp/mongodb_backup_2026-03-08_03-00-01/gansou_db/authidentities.bson
2026-03-08T03:00:01.309+0000	done dumping gansou_db.messages (11 documents)
2026-03-08T03:00:01.309+0000	writing gansou_db.authidentities to /tmp/mongodb_backup_2026-03-08_03-00-01/gansou_db/authidentities.bson
2026-03-08T03:00:01.309+0000	done dumping gansou_db.authidentitysecurities (4 documents)
2026-03-08T03:00:01.309+0000	writing gansou_db.admins to /tmp/mongodb_backup_2026-03-08_03-00-01/gansou_db/admins.bson
2026-03-08T03:00:01.309+0000	done dumping gansou_db.offers (4 documents)
2026-03-08T03:00:01.309+0000	writing gansou_db.mfaconfigs to /tmp/mongodb_backup_2026-03-08_03-00-01/gansou_db/mfaconfigs.bson
2026-03-08T03:00:01.309+0000	done dumping gansou_db.authidentitysecurities (4 documents)
2026-03-08T03:00:01.309+0000	writing gansou_db.admins to /tmp/mongodb_backup_2026-03-08_03-00-01/gansou_db/admins.bson
2026-03-08T03:00:01.309+0000	done dumping gansou_db.offers (4 documents)
2026-03-08T03:00:01.309+0000	writing gansou_db.mfaconfigs to /tmp/mongodb_backup_2026-03-08_03-00-01/gansou_db/mfaconfigs.bson
2026-03-08T03:00:01.311+0000	done dumping gansou_db.tags (3 documents)
2026-03-08T03:00:01.311+0000	writing gansou_db.articles to /tmp/mongodb_backup_2026-03-08_03-00-01/gansou_db/articles.bson
2026-03-08T03:00:01.311+0000	done dumping gansou_db.tags (3 documents)
2026-03-08T03:00:01.311+0000	writing gansou_db.articles to /tmp/mongodb_backup_2026-03-08_03-00-01/gansou_db/articles.bson
2026-03-08T03:00:01.311+0000	done dumping gansou_db.admins (3 documents)
2026-03-08T03:00:01.311+0000	writing gansou_db.sections to /tmp/mongodb_backup_2026-03-08_03-00-01/gansou_db/sections.bson
2026-03-08T03:00:01.311+0000	done dumping gansou_db.admins (3 documents)
2026-03-08T03:00:01.311+0000	writing gansou_db.sections to /tmp/mongodb_backup_2026-03-08_03-00-01/gansou_db/sections.bson
2026-03-08T03:00:01.312+0000	done dumping gansou_db.authidentities (3 documents)
2026-03-08T03:00:01.312+0000	done dumping gansou_db.authidentities (3 documents)
2026-03-08T03:00:01.312+0000	done dumping gansou_db.mfaconfigs (0 documents)
2026-03-08T03:00:01.312+0000	done dumping gansou_db.mfaconfigs (0 documents)
2026-03-08T03:00:01.312+0000	done dumping gansou_db.sections (0 documents)
2026-03-08T03:00:01.312+0000	done dumping gansou_db.sections (0 documents)
2026-03-08T03:00:01.313+0000	done dumping gansou_db.articles (0 documents)
2026-03-08T03:00:01.313+0000	done dumping gansou_db.articles (0 documents)
2026-03-08 03:00:01 [[0;32mSUCCESS[0m] Dump MongoDB cree avec succes
2026-03-08 03:00:01 [[0;32mSUCCESS[0m] Dump MongoDB cree avec succes
2026-03-08 03:00:01 [INFO] Compression du backup...
2026-03-08 03:00:01 [INFO] Compression du backup...
mongodb_backup_2026-03-08_03-00-01/
mongodb_backup_2026-03-08_03-00-01/gansou_db/
mongodb_backup_2026-03-08_03-00-01/gansou_db/offers.metadata.json
mongodb_backup_2026-03-08_03-00-01/gansou_db/sections.bson
mongodb_backup_2026-03-08_03-00-01/gansou_db/mfaconfigs.bson
mongodb_backup_2026-03-08_03-00-01/gansou_db/authidentitysecurities.metadata.json
mongodb_backup_2026-03-08_03-00-01/gansou_db/projects.bson
mongodb_backup_2026-03-08_03-00-01/gansou_db/projects.metadata.json
mongodb_backup_2026-03-08_03-00-01/gansou_db/reservations.metadata.json
mongodb_backup_2026-03-08_03-00-01/gansou_db/articles.metadata.json
mongodb_backup_2026-03-08_03-00-01/gansou_db/reservations.bson
mongodb_backup_2026-03-08_03-00-01/gansou_db/mfaconfigs.metadata.json
mongodb_backup_2026-03-08_03-00-01/gansou_db/prelude.json
mongodb_backup_2026-03-08_03-00-01/gansou_db/offers.bson
mongodb_backup_2026-03-08_03-00-01/gansou_db/authidentitysecurities.bson
mongodb_backup_2026-03-08_03-00-01/gansou_db/authidentities.metadata.json
mongodb_backup_2026-03-08_03-00-01/gansou_db/tags.metadata.json
mongodb_backup_2026-03-08_03-00-01/gansou_db/articles.bson
mongodb_backup_2026-03-08_03-00-01/gansou_db/messages.metadata.json
mongodb_backup_2026-03-08_03-00-01/gansou_db/messages.bson
mongodb_backup_2026-03-08_03-00-01/gansou_db/authsessions.metadata.json
mongodb_backup_2026-03-08_03-00-01/gansou_db/authsecurityaudits.metadata.json
mongodb_backup_2026-03-08_03-00-01/
mongodb_backup_2026-03-08_03-00-01/gansou_db/
mongodb_backup_2026-03-08_03-00-01/gansou_db/offers.metadata.json
mongodb_backup_2026-03-08_03-00-01/gansou_db/sections.bson
mongodb_backup_2026-03-08_03-00-01/gansou_db/mfaconfigs.bson
mongodb_backup_2026-03-08_03-00-01/gansou_db/authidentitysecurities.metadata.json
mongodb_backup_2026-03-08_03-00-01/gansou_db/projects.bson
mongodb_backup_2026-03-08_03-00-01/gansou_db/projects.metadata.json
mongodb_backup_2026-03-08_03-00-01/gansou_db/reservations.metadata.json
mongodb_backup_2026-03-08_03-00-01/gansou_db/articles.metadata.json
mongodb_backup_2026-03-08_03-00-01/gansou_db/reservations.bson
mongodb_backup_2026-03-08_03-00-01/gansou_db/mfaconfigs.metadata.json
mongodb_backup_2026-03-08_03-00-01/gansou_db/prelude.json
mongodb_backup_2026-03-08_03-00-01/gansou_db/offers.bson
mongodb_backup_2026-03-08_03-00-01/gansou_db/authidentitysecurities.bson
mongodb_backup_2026-03-08_03-00-01/gansou_db/authidentities.metadata.json
mongodb_backup_2026-03-08_03-00-01/gansou_db/tags.metadata.json
mongodb_backup_2026-03-08_03-00-01/gansou_db/articles.bson
mongodb_backup_2026-03-08_03-00-01/gansou_db/messages.metadata.json
mongodb_backup_2026-03-08_03-00-01/gansou_db/messages.bson
mongodb_backup_2026-03-08_03-00-01/gansou_db/authsessions.metadata.json
mongodb_backup_2026-03-08_03-00-01/gansou_db/authsecurityaudits.metadata.json
mongodb_backup_2026-03-08_03-00-01/gansou_db/authsessions.bson
mongodb_backup_2026-03-08_03-00-01/gansou_db/tags.bson
mongodb_backup_2026-03-08_03-00-01/gansou_db/sections.metadata.json
mongodb_backup_2026-03-08_03-00-01/gansou_db/admins.bson
mongodb_backup_2026-03-08_03-00-01/gansou_db/authidentities.bson
mongodb_backup_2026-03-08_03-00-01/gansou_db/admins.metadata.json
mongodb_backup_2026-03-08_03-00-01/gansou_db/authsecurityaudits.bson
mongodb_backup_2026-03-08_03-00-01/gansou_db/authsessions.bson
mongodb_backup_2026-03-08_03-00-01/gansou_db/tags.bson
mongodb_backup_2026-03-08_03-00-01/gansou_db/sections.metadata.json
mongodb_backup_2026-03-08_03-00-01/gansou_db/admins.bson
mongodb_backup_2026-03-08_03-00-01/gansou_db/authidentities.bson
mongodb_backup_2026-03-08_03-00-01/gansou_db/admins.metadata.json
mongodb_backup_2026-03-08_03-00-01/gansou_db/authsecurityaudits.bson
2026-03-08 03:00:01 [[0;32mSUCCESS[0m] Backup compresse: /root/MaisonGANSOU/backups/mongodb/mongodb_backup_2026-03-08_03-00-01.tar.gz (20K)
2026-03-08 03:00:01 [[0;32mSUCCESS[0m] Backup compresse: /root/MaisonGANSOU/backups/mongodb/mongodb_backup_2026-03-08_03-00-01.tar.gz (20K)
2026-03-08 03:00:01 [[1;33mWARNING[0m] Configuration S3 incomplete. Backup local uniquement.
2026-03-08 03:00:01 [[1;33mWARNING[0m] Configuration S3 incomplete. Backup local uniquement.
2026-03-08 03:00:01 [[1;33mWARNING[0m] Configurez les variables AWS dans /root/MaisonGANSOU/backend/.env
2026-03-08 03:00:01 [[1;33mWARNING[0m] Configurez les variables AWS dans /root/MaisonGANSOU/backend/.env
2026-03-08 03:00:01 [INFO] Nettoyage des anciens backups (> 30 jours)...
2026-03-08 03:00:01 [INFO] Nettoyage des anciens backups (> 30 jours)...
2026-03-08 03:00:01 [INFO] 0 ancien(s) backup(s) supprime(s)
2026-03-08 03:00:01 [INFO] 0 ancien(s) backup(s) supprime(s)
2026-03-08 03:00:01 [INFO] ==========================================
2026-03-08 03:00:01 [INFO] ==========================================
2026-03-08 03:00:01 [[0;32mSUCCESS[0m] Sauvegarde terminee avec succes!
2026-03-08 03:00:01 [[0;32mSUCCESS[0m] Sauvegarde terminee avec succes!
2026-03-08 03:00:01 [INFO] Fichier local: /root/MaisonGANSOU/backups/mongodb/mongodb_backup_2026-03-08_03-00-01.tar.gz
2026-03-08 03:00:01 [INFO] Fichier local: /root/MaisonGANSOU/backups/mongodb/mongodb_backup_2026-03-08_03-00-01.tar.gz
2026-03-08 03:00:01 [INFO] Taille: 20K
2026-03-08 03:00:01 [INFO] Taille: 20K
2026-03-08 03:00:01 [INFO] ==========================================
2026-03-08 03:00:01 [INFO] ==========================================
2026-03-08 03:00:01 [INFO] Backups disponibles:
2026-03-08 03:00:01 [INFO] Backups disponibles:
-rw-rw-r-- 1 root root 16K Feb  9 01:19 /root/MaisonGANSOU/backups/mongodb/mongodb_backup_2026-02-09_01-19-50.tar.gz
-rw-r--r-- 1 root root 19K Feb 15 03:00 /root/MaisonGANSOU/backups/mongodb/mongodb_backup_2026-02-15_03-00-01.tar.gz
-rw-r--r-- 1 root root 19K Feb 22 03:00 /root/MaisonGANSOU/backups/mongodb/mongodb_backup_2026-02-22_03-00-01.tar.gz
-rw-r--r-- 1 root root 19K Mar  1 03:00 /root/MaisonGANSOU/backups/mongodb/mongodb_backup_2026-03-01_03-00-01.tar.gz
-rw-r--r-- 1 root root 19K Mar  8 03:00 /root/MaisonGANSOU/backups/mongodb/mongodb_backup_2026-03-08_03-00-01.tar.gz
-rw-rw-r-- 1 root root 16K Feb  9 01:19 /root/MaisonGANSOU/backups/mongodb/mongodb_backup_2026-02-09_01-19-50.tar.gz
-rw-r--r-- 1 root root 19K Feb 15 03:00 /root/MaisonGANSOU/backups/mongodb/mongodb_backup_2026-02-15_03-00-01.tar.gz
-rw-r--r-- 1 root root 19K Feb 22 03:00 /root/MaisonGANSOU/backups/mongodb/mongodb_backup_2026-02-22_03-00-01.tar.gz
-rw-r--r-- 1 root root 19K Mar  1 03:00 /root/MaisonGANSOU/backups/mongodb/mongodb_backup_2026-03-01_03-00-01.tar.gz
-rw-r--r-- 1 root root 19K Mar  8 03:00 /root/MaisonGANSOU/backups/mongodb/mongodb_backup_2026-03-08_03-00-01.tar.gz
2026-03-15 03:00:01 [INFO] ==========================================
2026-03-15 03:00:01 [INFO] ==========================================
2026-03-15 03:00:01 [INFO] Demarrage de la sauvegarde MongoDB
2026-03-15 03:00:01 [INFO] Demarrage de la sauvegarde MongoDB
2026-03-15 03:00:01 [INFO] ==========================================
2026-03-15 03:00:01 [INFO] ==========================================
2026-03-15 03:00:01 [INFO] Container MongoDB detecte: maison-mongodb
2026-03-15 03:00:01 [INFO] Container MongoDB detecte: maison-mongodb
2026-03-15 03:00:01 [INFO] Creation du dump MongoDB...
2026-03-15 03:00:01 [INFO] Creation du dump MongoDB...
2026-03-15T03:00:01.997+0000	writing gansou_db.authsecurityaudits to /tmp/mongodb_backup_2026-03-15_03-00-01/gansou_db/authsecurityaudits.bson
2026-03-15T03:00:01.997+0000	writing gansou_db.authsecurityaudits to /tmp/mongodb_backup_2026-03-15_03-00-01/gansou_db/authsecurityaudits.bson
2026-03-15T03:00:01.997+0000	writing gansou_db.reservations to /tmp/mongodb_backup_2026-03-15_03-00-01/gansou_db/reservations.bson
2026-03-15T03:00:01.997+0000	writing gansou_db.reservations to /tmp/mongodb_backup_2026-03-15_03-00-01/gansou_db/reservations.bson
2026-03-15T03:00:01.998+0000	writing gansou_db.authsessions to /tmp/mongodb_backup_2026-03-15_03-00-01/gansou_db/authsessions.bson
2026-03-15T03:00:01.998+0000	writing gansou_db.projects to /tmp/mongodb_backup_2026-03-15_03-00-01/gansou_db/projects.bson
2026-03-15T03:00:01.998+0000	writing gansou_db.authsessions to /tmp/mongodb_backup_2026-03-15_03-00-01/gansou_db/authsessions.bson
2026-03-15T03:00:01.998+0000	writing gansou_db.projects to /tmp/mongodb_backup_2026-03-15_03-00-01/gansou_db/projects.bson
2026-03-15T03:00:02.002+0000	done dumping gansou_db.authsecurityaudits (34 documents)
2026-03-15T03:00:02.002+0000	done dumping gansou_db.authsecurityaudits (34 documents)
2026-03-15T03:00:02.002+0000	writing gansou_db.messages to /tmp/mongodb_backup_2026-03-15_03-00-01/gansou_db/messages.bson
2026-03-15T03:00:02.002+0000	writing gansou_db.messages to /tmp/mongodb_backup_2026-03-15_03-00-01/gansou_db/messages.bson
2026-03-15T03:00:02.004+0000	done dumping gansou_db.reservations (25 documents)
2026-03-15T03:00:02.004+0000	writing gansou_db.authidentitysecurities to /tmp/mongodb_backup_2026-03-15_03-00-01/gansou_db/authidentitysecurities.bson
2026-03-15T03:00:02.004+0000	done dumping gansou_db.reservations (25 documents)
2026-03-15T03:00:02.004+0000	writing gansou_db.authidentitysecurities to /tmp/mongodb_backup_2026-03-15_03-00-01/gansou_db/authidentitysecurities.bson
2026-03-15T03:00:02.007+0000	done dumping gansou_db.authidentitysecurities (4 documents)
2026-03-15T03:00:02.007+0000	done dumping gansou_db.authidentitysecurities (4 documents)
2026-03-15T03:00:02.008+0000	writing gansou_db.offers to /tmp/mongodb_backup_2026-03-15_03-00-01/gansou_db/offers.bson
2026-03-15T03:00:02.008+0000	writing gansou_db.offers to /tmp/mongodb_backup_2026-03-15_03-00-01/gansou_db/offers.bson
2026-03-15T03:00:02.009+0000	done dumping gansou_db.messages (11 documents)
2026-03-15T03:00:02.009+0000	done dumping gansou_db.messages (11 documents)
2026-03-15T03:00:02.009+0000	writing gansou_db.tags to /tmp/mongodb_backup_2026-03-15_03-00-01/gansou_db/tags.bson
2026-03-15T03:00:02.009+0000	writing gansou_db.tags to /tmp/mongodb_backup_2026-03-15_03-00-01/gansou_db/tags.bson
2026-03-15T03:00:02.010+0000	done dumping gansou_db.authsessions (17 documents)
2026-03-15T03:00:02.010+0000	done dumping gansou_db.authsessions (17 documents)
2026-03-15T03:00:02.011+0000	writing gansou_db.authidentities to /tmp/mongodb_backup_2026-03-15_03-00-01/gansou_db/authidentities.bson
2026-03-15T03:00:02.011+0000	writing gansou_db.authidentities to /tmp/mongodb_backup_2026-03-15_03-00-01/gansou_db/authidentities.bson
2026-03-15T03:00:02.011+0000	done dumping gansou_db.projects (13 documents)
2026-03-15T03:00:02.011+0000	writing gansou_db.admins to /tmp/mongodb_backup_2026-03-15_03-00-01/gansou_db/admins.bson
2026-03-15T03:00:02.011+0000	done dumping gansou_db.projects (13 documents)
2026-03-15T03:00:02.011+0000	writing gansou_db.admins to /tmp/mongodb_backup_2026-03-15_03-00-01/gansou_db/admins.bson
2026-03-15T03:00:02.012+0000	done dumping gansou_db.admins (3 documents)
2026-03-15T03:00:02.012+0000	writing gansou_db.mfaconfigs to /tmp/mongodb_backup_2026-03-15_03-00-01/gansou_db/mfaconfigs.bson
2026-03-15T03:00:02.012+0000	done dumping gansou_db.admins (3 documents)
2026-03-15T03:00:02.012+0000	writing gansou_db.mfaconfigs to /tmp/mongodb_backup_2026-03-15_03-00-01/gansou_db/mfaconfigs.bson
2026-03-15T03:00:02.012+0000	done dumping gansou_db.authidentities (3 documents)
2026-03-15T03:00:02.012+0000	writing gansou_db.articles to /tmp/mongodb_backup_2026-03-15_03-00-01/gansou_db/articles.bson
2026-03-15T03:00:02.012+0000	done dumping gansou_db.authidentities (3 documents)
2026-03-15T03:00:02.012+0000	writing gansou_db.articles to /tmp/mongodb_backup_2026-03-15_03-00-01/gansou_db/articles.bson
2026-03-15T03:00:02.013+0000	done dumping gansou_db.tags (3 documents)
2026-03-15T03:00:02.013+0000	writing gansou_db.sections to /tmp/mongodb_backup_2026-03-15_03-00-01/gansou_db/sections.bson
2026-03-15T03:00:02.013+0000	done dumping gansou_db.tags (3 documents)
2026-03-15T03:00:02.013+0000	writing gansou_db.sections to /tmp/mongodb_backup_2026-03-15_03-00-01/gansou_db/sections.bson
2026-03-15T03:00:02.013+0000	done dumping gansou_db.offers (4 documents)
2026-03-15T03:00:02.013+0000	done dumping gansou_db.offers (4 documents)
2026-03-15T03:00:02.014+0000	done dumping gansou_db.articles (0 documents)
2026-03-15T03:00:02.014+0000	done dumping gansou_db.articles (0 documents)
2026-03-15T03:00:02.014+0000	done dumping gansou_db.mfaconfigs (0 documents)
2026-03-15T03:00:02.014+0000	done dumping gansou_db.mfaconfigs (0 documents)
2026-03-15T03:00:02.015+0000	done dumping gansou_db.sections (0 documents)
2026-03-15T03:00:02.015+0000	done dumping gansou_db.sections (0 documents)
2026-03-15 03:00:02 [[0;32mSUCCESS[0m] Dump MongoDB cree avec succes
2026-03-15 03:00:02 [[0;32mSUCCESS[0m] Dump MongoDB cree avec succes
2026-03-15 03:00:02 [INFO] Compression du backup...
2026-03-15 03:00:02 [INFO] Compression du backup...
mongodb_backup_2026-03-15_03-00-01/
mongodb_backup_2026-03-15_03-00-01/gansou_db/
mongodb_backup_2026-03-15_03-00-01/gansou_db/offers.metadata.json
mongodb_backup_2026-03-15_03-00-01/gansou_db/sections.bson
mongodb_backup_2026-03-15_03-00-01/gansou_db/mfaconfigs.bson
mongodb_backup_2026-03-15_03-00-01/gansou_db/authidentitysecurities.metadata.json
mongodb_backup_2026-03-15_03-00-01/gansou_db/projects.bson
mongodb_backup_2026-03-15_03-00-01/gansou_db/projects.metadata.json
mongodb_backup_2026-03-15_03-00-01/gansou_db/reservations.metadata.json
mongodb_backup_2026-03-15_03-00-01/gansou_db/articles.metadata.json
mongodb_backup_2026-03-15_03-00-01/gansou_db/reservations.bson
mongodb_backup_2026-03-15_03-00-01/gansou_db/mfaconfigs.metadata.json
mongodb_backup_2026-03-15_03-00-01/gansou_db/prelude.json
mongodb_backup_2026-03-15_03-00-01/gansou_db/offers.bson
mongodb_backup_2026-03-15_03-00-01/gansou_db/authidentitysecurities.bson
mongodb_backup_2026-03-15_03-00-01/gansou_db/authidentities.metadata.json
mongodb_backup_2026-03-15_03-00-01/gansou_db/tags.metadata.json
mongodb_backup_2026-03-15_03-00-01/gansou_db/articles.bson
mongodb_backup_2026-03-15_03-00-01/gansou_db/messages.metadata.json
mongodb_backup_2026-03-15_03-00-01/gansou_db/messages.bson
mongodb_backup_2026-03-15_03-00-01/gansou_db/authsessions.metadata.json
mongodb_backup_2026-03-15_03-00-01/gansou_db/authsecurityaudits.metadata.json
mongodb_backup_2026-03-15_03-00-01/
mongodb_backup_2026-03-15_03-00-01/gansou_db/
mongodb_backup_2026-03-15_03-00-01/gansou_db/offers.metadata.json
mongodb_backup_2026-03-15_03-00-01/gansou_db/sections.bson
mongodb_backup_2026-03-15_03-00-01/gansou_db/mfaconfigs.bson
mongodb_backup_2026-03-15_03-00-01/gansou_db/authidentitysecurities.metadata.json
mongodb_backup_2026-03-15_03-00-01/gansou_db/projects.bson
mongodb_backup_2026-03-15_03-00-01/gansou_db/projects.metadata.json
mongodb_backup_2026-03-15_03-00-01/gansou_db/reservations.metadata.json
mongodb_backup_2026-03-15_03-00-01/gansou_db/articles.metadata.json
mongodb_backup_2026-03-15_03-00-01/gansou_db/reservations.bson
mongodb_backup_2026-03-15_03-00-01/gansou_db/mfaconfigs.metadata.json
mongodb_backup_2026-03-15_03-00-01/gansou_db/prelude.json
mongodb_backup_2026-03-15_03-00-01/gansou_db/offers.bson
mongodb_backup_2026-03-15_03-00-01/gansou_db/authidentitysecurities.bson
mongodb_backup_2026-03-15_03-00-01/gansou_db/authidentities.metadata.json
mongodb_backup_2026-03-15_03-00-01/gansou_db/tags.metadata.json
mongodb_backup_2026-03-15_03-00-01/gansou_db/articles.bson
mongodb_backup_2026-03-15_03-00-01/gansou_db/messages.metadata.json
mongodb_backup_2026-03-15_03-00-01/gansou_db/messages.bson
mongodb_backup_2026-03-15_03-00-01/gansou_db/authsessions.metadata.json
mongodb_backup_2026-03-15_03-00-01/gansou_db/authsecurityaudits.metadata.json
mongodb_backup_2026-03-15_03-00-01/gansou_db/authsessions.bson
mongodb_backup_2026-03-15_03-00-01/gansou_db/tags.bson
mongodb_backup_2026-03-15_03-00-01/gansou_db/sections.metadata.json
mongodb_backup_2026-03-15_03-00-01/gansou_db/admins.bson
mongodb_backup_2026-03-15_03-00-01/gansou_db/authidentities.bson
mongodb_backup_2026-03-15_03-00-01/gansou_db/admins.metadata.json
mongodb_backup_2026-03-15_03-00-01/gansou_db/authsecurityaudits.bson
mongodb_backup_2026-03-15_03-00-01/gansou_db/authsessions.bson
mongodb_backup_2026-03-15_03-00-01/gansou_db/tags.bson
mongodb_backup_2026-03-15_03-00-01/gansou_db/sections.metadata.json
mongodb_backup_2026-03-15_03-00-01/gansou_db/admins.bson
mongodb_backup_2026-03-15_03-00-01/gansou_db/authidentities.bson
mongodb_backup_2026-03-15_03-00-01/gansou_db/admins.metadata.json
mongodb_backup_2026-03-15_03-00-01/gansou_db/authsecurityaudits.bson
2026-03-15 03:00:02 [[0;32mSUCCESS[0m] Backup compresse: /root/MaisonGANSOU/backups/mongodb/mongodb_backup_2026-03-15_03-00-01.tar.gz (20K)
2026-03-15 03:00:02 [[0;32mSUCCESS[0m] Backup compresse: /root/MaisonGANSOU/backups/mongodb/mongodb_backup_2026-03-15_03-00-01.tar.gz (20K)
2026-03-15 03:00:02 [[1;33mWARNING[0m] Configuration S3 incomplete. Backup local uniquement.
2026-03-15 03:00:02 [[1;33mWARNING[0m] Configuration S3 incomplete. Backup local uniquement.
2026-03-15 03:00:02 [[1;33mWARNING[0m] Configurez les variables AWS dans /root/MaisonGANSOU/backend/.env
2026-03-15 03:00:02 [[1;33mWARNING[0m] Configurez les variables AWS dans /root/MaisonGANSOU/backend/.env
2026-03-15 03:00:02 [INFO] Nettoyage des anciens backups (> 30 jours)...
2026-03-15 03:00:02 [INFO] Nettoyage des anciens backups (> 30 jours)...
2026-03-15 03:00:02 [INFO] 1 ancien(s) backup(s) supprime(s)
2026-03-15 03:00:02 [INFO] 1 ancien(s) backup(s) supprime(s)
2026-03-15 03:00:02 [INFO] ==========================================
2026-03-15 03:00:02 [INFO] ==========================================
2026-03-15 03:00:02 [[0;32mSUCCESS[0m] Sauvegarde terminee avec succes!
2026-03-15 03:00:02 [[0;32mSUCCESS[0m] Sauvegarde terminee avec succes!
2026-03-15 03:00:02 [INFO] Fichier local: /root/MaisonGANSOU/backups/mongodb/mongodb_backup_2026-03-15_03-00-01.tar.gz
2026-03-15 03:00:02 [INFO] Fichier local: /root/MaisonGANSOU/backups/mongodb/mongodb_backup_2026-03-15_03-00-01.tar.gz
2026-03-15 03:00:02 [INFO] Taille: 20K
2026-03-15 03:00:02 [INFO] Taille: 20K
2026-03-15 03:00:02 [INFO] ==========================================
2026-03-15 03:00:02 [INFO] ==========================================
2026-03-15 03:00:02 [INFO] Backups disponibles:
2026-03-15 03:00:02 [INFO] Backups disponibles:
-rw-r--r-- 1 root root 19K Feb 15 03:00 /root/MaisonGANSOU/backups/mongodb/mongodb_backup_2026-02-15_03-00-01.tar.gz
-rw-r--r-- 1 root root 19K Feb 22 03:00 /root/MaisonGANSOU/backups/mongodb/mongodb_backup_2026-02-22_03-00-01.tar.gz
-rw-r--r-- 1 root root 19K Mar  1 03:00 /root/MaisonGANSOU/backups/mongodb/mongodb_backup_2026-03-01_03-00-01.tar.gz
-rw-r--r-- 1 root root 19K Mar  8 03:00 /root/MaisonGANSOU/backups/mongodb/mongodb_backup_2026-03-08_03-00-01.tar.gz
-rw-r--r-- 1 root root 19K Mar 15 03:00 /root/MaisonGANSOU/backups/mongodb/mongodb_backup_2026-03-15_03-00-01.tar.gz
-rw-r--r-- 1 root root 19K Feb 15 03:00 /root/MaisonGANSOU/backups/mongodb/mongodb_backup_2026-02-15_03-00-01.tar.gz
-rw-r--r-- 1 root root 19K Feb 22 03:00 /root/MaisonGANSOU/backups/mongodb/mongodb_backup_2026-02-22_03-00-01.tar.gz
-rw-r--r-- 1 root root 19K Mar  1 03:00 /root/MaisonGANSOU/backups/mongodb/mongodb_backup_2026-03-01_03-00-01.tar.gz
-rw-r--r-- 1 root root 19K Mar  8 03:00 /root/MaisonGANSOU/backups/mongodb/mongodb_backup_2026-03-08_03-00-01.tar.gz
-rw-r--r-- 1 root root 19K Mar 15 03:00 /root/MaisonGANSOU/backups/mongodb/mongodb_backup_2026-03-15_03-00-01.tar.gz
2026-03-22 03:00:01 [INFO] ==========================================
2026-03-22 03:00:01 [INFO] ==========================================
2026-03-22 03:00:01 [INFO] Demarrage de la sauvegarde MongoDB
2026-03-22 03:00:01 [INFO] Demarrage de la sauvegarde MongoDB
2026-03-22 03:00:01 [INFO] ==========================================
2026-03-22 03:00:01 [INFO] ==========================================
2026-03-22 03:00:01 [INFO] Container MongoDB detecte: maison-mongodb
2026-03-22 03:00:01 [INFO] Container MongoDB detecte: maison-mongodb
2026-03-22 03:00:01 [INFO] Creation du dump MongoDB...
2026-03-22 03:00:01 [INFO] Creation du dump MongoDB...
2026-03-22T03:00:01.745+0000	writing gansou_db.authsecurityaudits to /tmp/mongodb_backup_2026-03-22_03-00-01/gansou_db/authsecurityaudits.bson
2026-03-22T03:00:01.746+0000	writing gansou_db.reservations to /tmp/mongodb_backup_2026-03-22_03-00-01/gansou_db/reservations.bson
2026-03-22T03:00:01.746+0000	writing gansou_db.authsessions to /tmp/mongodb_backup_2026-03-22_03-00-01/gansou_db/authsessions.bson
2026-03-22T03:00:01.746+0000	writing gansou_db.projects to /tmp/mongodb_backup_2026-03-22_03-00-01/gansou_db/projects.bson
2026-03-22T03:00:01.745+0000	writing gansou_db.authsecurityaudits to /tmp/mongodb_backup_2026-03-22_03-00-01/gansou_db/authsecurityaudits.bson
2026-03-22T03:00:01.746+0000	writing gansou_db.reservations to /tmp/mongodb_backup_2026-03-22_03-00-01/gansou_db/reservations.bson
2026-03-22T03:00:01.746+0000	writing gansou_db.authsessions to /tmp/mongodb_backup_2026-03-22_03-00-01/gansou_db/authsessions.bson
2026-03-22T03:00:01.746+0000	writing gansou_db.projects to /tmp/mongodb_backup_2026-03-22_03-00-01/gansou_db/projects.bson
2026-03-22T03:00:01.755+0000	done dumping gansou_db.authsecurityaudits (34 documents)
2026-03-22T03:00:01.755+0000	writing gansou_db.messages to /tmp/mongodb_backup_2026-03-22_03-00-01/gansou_db/messages.bson
2026-03-22T03:00:01.755+0000	done dumping gansou_db.authsecurityaudits (34 documents)
2026-03-22T03:00:01.755+0000	writing gansou_db.messages to /tmp/mongodb_backup_2026-03-22_03-00-01/gansou_db/messages.bson
2026-03-22T03:00:01.755+0000	done dumping gansou_db.authsessions (17 documents)
2026-03-22T03:00:01.755+0000	done dumping gansou_db.authsessions (17 documents)
2026-03-22T03:00:01.755+0000	writing gansou_db.authidentitysecurities to /tmp/mongodb_backup_2026-03-22_03-00-01/gansou_db/authidentitysecurities.bson
2026-03-22T03:00:01.755+0000	writing gansou_db.authidentitysecurities to /tmp/mongodb_backup_2026-03-22_03-00-01/gansou_db/authidentitysecurities.bson
2026-03-22T03:00:01.756+0000	done dumping gansou_db.reservations (25 documents)
2026-03-22T03:00:01.756+0000	writing gansou_db.offers to /tmp/mongodb_backup_2026-03-22_03-00-01/gansou_db/offers.bson
2026-03-22T03:00:01.756+0000	done dumping gansou_db.reservations (25 documents)
2026-03-22T03:00:01.756+0000	writing gansou_db.offers to /tmp/mongodb_backup_2026-03-22_03-00-01/gansou_db/offers.bson
2026-03-22T03:00:01.758+0000	done dumping gansou_db.projects (13 documents)
2026-03-22T03:00:01.758+0000	done dumping gansou_db.projects (13 documents)
2026-03-22T03:00:01.760+0000	writing gansou_db.tags to /tmp/mongodb_backup_2026-03-22_03-00-01/gansou_db/tags.bson
2026-03-22T03:00:01.760+0000	done dumping gansou_db.offers (4 documents)
2026-03-22T03:00:01.760+0000	writing gansou_db.authidentities to /tmp/mongodb_backup_2026-03-22_03-00-01/gansou_db/authidentities.bson
2026-03-22T03:00:01.760+0000	writing gansou_db.tags to /tmp/mongodb_backup_2026-03-22_03-00-01/gansou_db/tags.bson
2026-03-22T03:00:01.760+0000	done dumping gansou_db.offers (4 documents)
2026-03-22T03:00:01.760+0000	writing gansou_db.authidentities to /tmp/mongodb_backup_2026-03-22_03-00-01/gansou_db/authidentities.bson
2026-03-22T03:00:01.762+0000	done dumping gansou_db.messages (11 documents)
2026-03-22T03:00:01.762+0000	done dumping gansou_db.messages (11 documents)
2026-03-22T03:00:01.762+0000	writing gansou_db.admins to /tmp/mongodb_backup_2026-03-22_03-00-01/gansou_db/admins.bson
2026-03-22T03:00:01.762+0000	done dumping gansou_db.tags (3 documents)
2026-03-22T03:00:01.762+0000	writing gansou_db.mfaconfigs to /tmp/mongodb_backup_2026-03-22_03-00-01/gansou_db/mfaconfigs.bson
2026-03-22T03:00:01.762+0000	writing gansou_db.admins to /tmp/mongodb_backup_2026-03-22_03-00-01/gansou_db/admins.bson
2026-03-22T03:00:01.762+0000	done dumping gansou_db.tags (3 documents)
2026-03-22T03:00:01.762+0000	writing gansou_db.mfaconfigs to /tmp/mongodb_backup_2026-03-22_03-00-01/gansou_db/mfaconfigs.bson
2026-03-22T03:00:01.764+0000	done dumping gansou_db.authidentities (3 documents)
2026-03-22T03:00:01.764+0000	done dumping gansou_db.authidentities (3 documents)
2026-03-22T03:00:01.764+0000	writing gansou_db.articles to /tmp/mongodb_backup_2026-03-22_03-00-01/gansou_db/articles.bson
2026-03-22T03:00:01.764+0000	writing gansou_db.articles to /tmp/mongodb_backup_2026-03-22_03-00-01/gansou_db/articles.bson
2026-03-22T03:00:01.765+0000	done dumping gansou_db.authidentitysecurities (4 documents)
2026-03-22T03:00:01.765+0000	writing gansou_db.sections to /tmp/mongodb_backup_2026-03-22_03-00-01/gansou_db/sections.bson
2026-03-22T03:00:01.765+0000	done dumping gansou_db.authidentitysecurities (4 documents)
2026-03-22T03:00:01.765+0000	writing gansou_db.sections to /tmp/mongodb_backup_2026-03-22_03-00-01/gansou_db/sections.bson
2026-03-22T03:00:01.766+0000	done dumping gansou_db.articles (0 documents)
2026-03-22T03:00:01.766+0000	done dumping gansou_db.admins (3 documents)
2026-03-22T03:00:01.766+0000	done dumping gansou_db.mfaconfigs (0 documents)
2026-03-22T03:00:01.766+0000	done dumping gansou_db.articles (0 documents)
2026-03-22T03:00:01.766+0000	done dumping gansou_db.admins (3 documents)
2026-03-22T03:00:01.766+0000	done dumping gansou_db.mfaconfigs (0 documents)
2026-03-22T03:00:01.767+0000	done dumping gansou_db.sections (0 documents)
2026-03-22T03:00:01.767+0000	done dumping gansou_db.sections (0 documents)
2026-03-22 03:00:01 [[0;32mSUCCESS[0m] Dump MongoDB cree avec succes
2026-03-22 03:00:01 [[0;32mSUCCESS[0m] Dump MongoDB cree avec succes
2026-03-22 03:00:01 [INFO] Compression du backup...
2026-03-22 03:00:01 [INFO] Compression du backup...
mongodb_backup_2026-03-22_03-00-01/
mongodb_backup_2026-03-22_03-00-01/gansou_db/
mongodb_backup_2026-03-22_03-00-01/gansou_db/offers.metadata.json
mongodb_backup_2026-03-22_03-00-01/gansou_db/sections.bson
mongodb_backup_2026-03-22_03-00-01/gansou_db/mfaconfigs.bson
mongodb_backup_2026-03-22_03-00-01/gansou_db/authidentitysecurities.metadata.json
mongodb_backup_2026-03-22_03-00-01/gansou_db/projects.bson
mongodb_backup_2026-03-22_03-00-01/gansou_db/projects.metadata.json
mongodb_backup_2026-03-22_03-00-01/gansou_db/reservations.metadata.json
mongodb_backup_2026-03-22_03-00-01/gansou_db/articles.metadata.json
mongodb_backup_2026-03-22_03-00-01/gansou_db/reservations.bson
mongodb_backup_2026-03-22_03-00-01/gansou_db/mfaconfigs.metadata.json
mongodb_backup_2026-03-22_03-00-01/gansou_db/prelude.json
mongodb_backup_2026-03-22_03-00-01/gansou_db/offers.bson
mongodb_backup_2026-03-22_03-00-01/gansou_db/authidentitysecurities.bson
mongodb_backup_2026-03-22_03-00-01/gansou_db/authidentities.metadata.json
mongodb_backup_2026-03-22_03-00-01/gansou_db/tags.metadata.json
mongodb_backup_2026-03-22_03-00-01/gansou_db/articles.bson
mongodb_backup_2026-03-22_03-00-01/gansou_db/messages.metadata.json
mongodb_backup_2026-03-22_03-00-01/gansou_db/messages.bson
mongodb_backup_2026-03-22_03-00-01/gansou_db/authsessions.metadata.json
mongodb_backup_2026-03-22_03-00-01/gansou_db/authsecurityaudits.metadata.json
mongodb_backup_2026-03-22_03-00-01/
mongodb_backup_2026-03-22_03-00-01/gansou_db/
mongodb_backup_2026-03-22_03-00-01/gansou_db/offers.metadata.json
mongodb_backup_2026-03-22_03-00-01/gansou_db/sections.bson
mongodb_backup_2026-03-22_03-00-01/gansou_db/mfaconfigs.bson
mongodb_backup_2026-03-22_03-00-01/gansou_db/authidentitysecurities.metadata.json
mongodb_backup_2026-03-22_03-00-01/gansou_db/projects.bson
mongodb_backup_2026-03-22_03-00-01/gansou_db/projects.metadata.json
mongodb_backup_2026-03-22_03-00-01/gansou_db/reservations.metadata.json
mongodb_backup_2026-03-22_03-00-01/gansou_db/articles.metadata.json
mongodb_backup_2026-03-22_03-00-01/gansou_db/reservations.bson
mongodb_backup_2026-03-22_03-00-01/gansou_db/mfaconfigs.metadata.json
mongodb_backup_2026-03-22_03-00-01/gansou_db/prelude.json
mongodb_backup_2026-03-22_03-00-01/gansou_db/offers.bson
mongodb_backup_2026-03-22_03-00-01/gansou_db/authidentitysecurities.bson
mongodb_backup_2026-03-22_03-00-01/gansou_db/authidentities.metadata.json
mongodb_backup_2026-03-22_03-00-01/gansou_db/tags.metadata.json
mongodb_backup_2026-03-22_03-00-01/gansou_db/articles.bson
mongodb_backup_2026-03-22_03-00-01/gansou_db/messages.metadata.json
mongodb_backup_2026-03-22_03-00-01/gansou_db/messages.bson
mongodb_backup_2026-03-22_03-00-01/gansou_db/authsessions.metadata.json
mongodb_backup_2026-03-22_03-00-01/gansou_db/authsecurityaudits.metadata.json
mongodb_backup_2026-03-22_03-00-01/gansou_db/authsessions.bson
mongodb_backup_2026-03-22_03-00-01/gansou_db/tags.bson
mongodb_backup_2026-03-22_03-00-01/gansou_db/sections.metadata.json
mongodb_backup_2026-03-22_03-00-01/gansou_db/admins.bson
mongodb_backup_2026-03-22_03-00-01/gansou_db/authidentities.bson
mongodb_backup_2026-03-22_03-00-01/gansou_db/admins.metadata.json
mongodb_backup_2026-03-22_03-00-01/gansou_db/authsecurityaudits.bson
mongodb_backup_2026-03-22_03-00-01/gansou_db/authsessions.bson
mongodb_backup_2026-03-22_03-00-01/gansou_db/tags.bson
mongodb_backup_2026-03-22_03-00-01/gansou_db/sections.metadata.json
mongodb_backup_2026-03-22_03-00-01/gansou_db/admins.bson
mongodb_backup_2026-03-22_03-00-01/gansou_db/authidentities.bson
mongodb_backup_2026-03-22_03-00-01/gansou_db/admins.metadata.json
mongodb_backup_2026-03-22_03-00-01/gansou_db/authsecurityaudits.bson
2026-03-22 03:00:01 [[0;32mSUCCESS[0m] Backup compresse: /root/MaisonGANSOU/backups/mongodb/mongodb_backup_2026-03-22_03-00-01.tar.gz (20K)
2026-03-22 03:00:01 [[0;32mSUCCESS[0m] Backup compresse: /root/MaisonGANSOU/backups/mongodb/mongodb_backup_2026-03-22_03-00-01.tar.gz (20K)
2026-03-22 03:00:01 [[1;33mWARNING[0m] Configuration S3 incomplete. Backup local uniquement.
2026-03-22 03:00:01 [[1;33mWARNING[0m] Configuration S3 incomplete. Backup local uniquement.
2026-03-22 03:00:01 [[1;33mWARNING[0m] Configurez les variables AWS dans /root/MaisonGANSOU/backend/.env
2026-03-22 03:00:01 [[1;33mWARNING[0m] Configurez les variables AWS dans /root/MaisonGANSOU/backend/.env
2026-03-22 03:00:01 [INFO] Nettoyage des anciens backups (> 30 jours)...
2026-03-22 03:00:01 [INFO] Nettoyage des anciens backups (> 30 jours)...
2026-03-22 03:00:01 [INFO] 1 ancien(s) backup(s) supprime(s)
2026-03-22 03:00:01 [INFO] 1 ancien(s) backup(s) supprime(s)
2026-03-22 03:00:01 [INFO] ==========================================
2026-03-22 03:00:01 [INFO] ==========================================
2026-03-22 03:00:01 [[0;32mSUCCESS[0m] Sauvegarde terminee avec succes!
2026-03-22 03:00:01 [[0;32mSUCCESS[0m] Sauvegarde terminee avec succes!
2026-03-22 03:00:01 [INFO] Fichier local: /root/MaisonGANSOU/backups/mongodb/mongodb_backup_2026-03-22_03-00-01.tar.gz
2026-03-22 03:00:01 [INFO] Fichier local: /root/MaisonGANSOU/backups/mongodb/mongodb_backup_2026-03-22_03-00-01.tar.gz
2026-03-22 03:00:01 [INFO] Taille: 20K
2026-03-22 03:00:01 [INFO] Taille: 20K
2026-03-22 03:00:01 [INFO] ==========================================
2026-03-22 03:00:01 [INFO] ==========================================
2026-03-22 03:00:01 [INFO] Backups disponibles:
2026-03-22 03:00:01 [INFO] Backups disponibles:
-rw-r--r-- 1 root root 19K Feb 22 03:00 /root/MaisonGANSOU/backups/mongodb/mongodb_backup_2026-02-22_03-00-01.tar.gz
-rw-r--r-- 1 root root 19K Mar  1 03:00 /root/MaisonGANSOU/backups/mongodb/mongodb_backup_2026-03-01_03-00-01.tar.gz
-rw-r--r-- 1 root root 19K Mar  8 03:00 /root/MaisonGANSOU/backups/mongodb/mongodb_backup_2026-03-08_03-00-01.tar.gz
-rw-r--r-- 1 root root 19K Mar 15 03:00 /root/MaisonGANSOU/backups/mongodb/mongodb_backup_2026-03-15_03-00-01.tar.gz
-rw-r--r-- 1 root root 19K Mar 22 03:00 /root/MaisonGANSOU/backups/mongodb/mongodb_backup_2026-03-22_03-00-01.tar.gz
-rw-r--r-- 1 root root 19K Feb 22 03:00 /root/MaisonGANSOU/backups/mongodb/mongodb_backup_2026-02-22_03-00-01.tar.gz
-rw-r--r-- 1 root root 19K Mar  1 03:00 /root/MaisonGANSOU/backups/mongodb/mongodb_backup_2026-03-01_03-00-01.tar.gz
-rw-r--r-- 1 root root 19K Mar  8 03:00 /root/MaisonGANSOU/backups/mongodb/mongodb_backup_2026-03-08_03-00-01.tar.gz
-rw-r--r-- 1 root root 19K Mar 15 03:00 /root/MaisonGANSOU/backups/mongodb/mongodb_backup_2026-03-15_03-00-01.tar.gz
-rw-r--r-- 1 root root 19K Mar 22 03:00 /root/MaisonGANSOU/backups/mongodb/mongodb_backup_2026-03-22_03-00-01.tar.gz
2026-03-29 03:00:01 [INFO] ==========================================
2026-03-29 03:00:01 [INFO] ==========================================
2026-03-29 03:00:01 [INFO] Demarrage de la sauvegarde MongoDB
2026-03-29 03:00:01 [INFO] Demarrage de la sauvegarde MongoDB
2026-03-29 03:00:01 [INFO] ==========================================
2026-03-29 03:00:01 [INFO] ==========================================
2026-03-29 03:00:01 [INFO] Container MongoDB detecte: maison-mongodb
2026-03-29 03:00:01 [INFO] Container MongoDB detecte: maison-mongodb
2026-03-29 03:00:01 [INFO] Creation du dump MongoDB...
2026-03-29 03:00:01 [INFO] Creation du dump MongoDB...
2026-03-29T03:00:01.808+0000	writing gansou_db.authsecurityaudits to /tmp/mongodb_backup_2026-03-29_03-00-01/gansou_db/authsecurityaudits.bson
2026-03-29T03:00:01.808+0000	writing gansou_db.authsecurityaudits to /tmp/mongodb_backup_2026-03-29_03-00-01/gansou_db/authsecurityaudits.bson
2026-03-29T03:00:01.809+0000	writing gansou_db.reservations to /tmp/mongodb_backup_2026-03-29_03-00-01/gansou_db/reservations.bson
2026-03-29T03:00:01.809+0000	writing gansou_db.reservations to /tmp/mongodb_backup_2026-03-29_03-00-01/gansou_db/reservations.bson
2026-03-29T03:00:01.810+0000	writing gansou_db.authsessions to /tmp/mongodb_backup_2026-03-29_03-00-01/gansou_db/authsessions.bson
2026-03-29T03:00:01.810+0000	writing gansou_db.authsessions to /tmp/mongodb_backup_2026-03-29_03-00-01/gansou_db/authsessions.bson
2026-03-29T03:00:01.811+0000	writing gansou_db.projects to /tmp/mongodb_backup_2026-03-29_03-00-01/gansou_db/projects.bson
2026-03-29T03:00:01.811+0000	writing gansou_db.projects to /tmp/mongodb_backup_2026-03-29_03-00-01/gansou_db/projects.bson
2026-03-29T03:00:01.816+0000	done dumping gansou_db.reservations (25 documents)
2026-03-29T03:00:01.816+0000	done dumping gansou_db.reservations (25 documents)
2026-03-29T03:00:01.816+0000	writing gansou_db.messages to /tmp/mongodb_backup_2026-03-29_03-00-01/gansou_db/messages.bson
2026-03-29T03:00:01.816+0000	writing gansou_db.messages to /tmp/mongodb_backup_2026-03-29_03-00-01/gansou_db/messages.bson
2026-03-29T03:00:01.822+0000	done dumping gansou_db.authsessions (18 documents)
2026-03-29T03:00:01.822+0000	done dumping gansou_db.authsessions (18 documents)
2026-03-29T03:00:01.824+0000	writing gansou_db.authidentitysecurities to /tmp/mongodb_backup_2026-03-29_03-00-01/gansou_db/authidentitysecurities.bson
2026-03-29T03:00:01.824+0000	writing gansou_db.authidentitysecurities to /tmp/mongodb_backup_2026-03-29_03-00-01/gansou_db/authidentitysecurities.bson
2026-03-29T03:00:01.824+0000	done dumping gansou_db.authsecurityaudits (39 documents)
2026-03-29T03:00:01.824+0000	writing gansou_db.offers to /tmp/mongodb_backup_2026-03-29_03-00-01/gansou_db/offers.bson
2026-03-29T03:00:01.824+0000	done dumping gansou_db.authsecurityaudits (39 documents)
2026-03-29T03:00:01.824+0000	writing gansou_db.offers to /tmp/mongodb_backup_2026-03-29_03-00-01/gansou_db/offers.bson
2026-03-29T03:00:01.825+0000	done dumping gansou_db.projects (13 documents)
2026-03-29T03:00:01.825+0000	writing gansou_db.tags to /tmp/mongodb_backup_2026-03-29_03-00-01/gansou_db/tags.bson
2026-03-29T03:00:01.825+0000	done dumping gansou_db.projects (13 documents)
2026-03-29T03:00:01.825+0000	writing gansou_db.tags to /tmp/mongodb_backup_2026-03-29_03-00-01/gansou_db/tags.bson
2026-03-29T03:00:01.828+0000	done dumping gansou_db.messages (11 documents)
2026-03-29T03:00:01.828+0000	done dumping gansou_db.messages (11 documents)
2026-03-29T03:00:01.829+0000	writing gansou_db.authidentities to /tmp/mongodb_backup_2026-03-29_03-00-01/gansou_db/authidentities.bson
2026-03-29T03:00:01.829+0000	writing gansou_db.authidentities to /tmp/mongodb_backup_2026-03-29_03-00-01/gansou_db/authidentities.bson
2026-03-29T03:00:01.832+0000	done dumping gansou_db.tags (3 documents)
2026-03-29T03:00:01.832+0000	done dumping gansou_db.tags (3 documents)
2026-03-29T03:00:01.832+0000	writing gansou_db.admins to /tmp/mongodb_backup_2026-03-29_03-00-01/gansou_db/admins.bson
2026-03-29T03:00:01.832+0000	writing gansou_db.admins to /tmp/mongodb_backup_2026-03-29_03-00-01/gansou_db/admins.bson
2026-03-29T03:00:01.833+0000	done dumping gansou_db.offers (4 documents)
2026-03-29T03:00:01.833+0000	writing gansou_db.mfaconfigs to /tmp/mongodb_backup_2026-03-29_03-00-01/gansou_db/mfaconfigs.bson
2026-03-29T03:00:01.833+0000	done dumping gansou_db.offers (4 documents)
2026-03-29T03:00:01.833+0000	writing gansou_db.mfaconfigs to /tmp/mongodb_backup_2026-03-29_03-00-01/gansou_db/mfaconfigs.bson
2026-03-29T03:00:01.833+0000	done dumping gansou_db.authidentitysecurities (4 documents)
2026-03-29T03:00:01.833+0000	done dumping gansou_db.authidentitysecurities (4 documents)
2026-03-29T03:00:01.833+0000	writing gansou_db.articles to /tmp/mongodb_backup_2026-03-29_03-00-01/gansou_db/articles.bson
2026-03-29T03:00:01.833+0000	writing gansou_db.articles to /tmp/mongodb_backup_2026-03-29_03-00-01/gansou_db/articles.bson
2026-03-29T03:00:01.835+0000	done dumping gansou_db.authidentities (3 documents)
2026-03-29T03:00:01.835+0000	writing gansou_db.sections to /tmp/mongodb_backup_2026-03-29_03-00-01/gansou_db/sections.bson
2026-03-29T03:00:01.835+0000	done dumping gansou_db.authidentities (3 documents)
2026-03-29T03:00:01.835+0000	writing gansou_db.sections to /tmp/mongodb_backup_2026-03-29_03-00-01/gansou_db/sections.bson
2026-03-29T03:00:01.836+0000	done dumping gansou_db.admins (3 documents)
2026-03-29T03:00:01.836+0000	done dumping gansou_db.mfaconfigs (0 documents)
2026-03-29T03:00:01.836+0000	done dumping gansou_db.articles (0 documents)
2026-03-29T03:00:01.836+0000	done dumping gansou_db.admins (3 documents)
2026-03-29T03:00:01.836+0000	done dumping gansou_db.mfaconfigs (0 documents)
2026-03-29T03:00:01.836+0000	done dumping gansou_db.articles (0 documents)
2026-03-29T03:00:01.838+0000	done dumping gansou_db.sections (0 documents)
2026-03-29T03:00:01.838+0000	done dumping gansou_db.sections (0 documents)
2026-03-29 03:00:02 [[0;32mSUCCESS[0m] Dump MongoDB cree avec succes
2026-03-29 03:00:02 [[0;32mSUCCESS[0m] Dump MongoDB cree avec succes
2026-03-29 03:00:02 [INFO] Compression du backup...
2026-03-29 03:00:02 [INFO] Compression du backup...
mongodb_backup_2026-03-29_03-00-01/
mongodb_backup_2026-03-29_03-00-01/gansou_db/
mongodb_backup_2026-03-29_03-00-01/gansou_db/offers.metadata.json
mongodb_backup_2026-03-29_03-00-01/gansou_db/sections.bson
mongodb_backup_2026-03-29_03-00-01/gansou_db/mfaconfigs.bson
mongodb_backup_2026-03-29_03-00-01/gansou_db/authidentitysecurities.metadata.json
mongodb_backup_2026-03-29_03-00-01/gansou_db/projects.bson
mongodb_backup_2026-03-29_03-00-01/gansou_db/projects.metadata.json
mongodb_backup_2026-03-29_03-00-01/gansou_db/reservations.metadata.json
mongodb_backup_2026-03-29_03-00-01/gansou_db/articles.metadata.json
mongodb_backup_2026-03-29_03-00-01/gansou_db/reservations.bson
mongodb_backup_2026-03-29_03-00-01/gansou_db/mfaconfigs.metadata.json
mongodb_backup_2026-03-29_03-00-01/gansou_db/prelude.json
mongodb_backup_2026-03-29_03-00-01/gansou_db/offers.bson
mongodb_backup_2026-03-29_03-00-01/gansou_db/authidentitysecurities.bson
mongodb_backup_2026-03-29_03-00-01/gansou_db/authidentities.metadata.json
mongodb_backup_2026-03-29_03-00-01/gansou_db/tags.metadata.json
mongodb_backup_2026-03-29_03-00-01/gansou_db/articles.bson
mongodb_backup_2026-03-29_03-00-01/gansou_db/messages.metadata.json
mongodb_backup_2026-03-29_03-00-01/gansou_db/messages.bson
mongodb_backup_2026-03-29_03-00-01/gansou_db/authsessions.metadata.json
mongodb_backup_2026-03-29_03-00-01/gansou_db/authsecurityaudits.metadata.json
mongodb_backup_2026-03-29_03-00-01/
mongodb_backup_2026-03-29_03-00-01/gansou_db/
mongodb_backup_2026-03-29_03-00-01/gansou_db/offers.metadata.json
mongodb_backup_2026-03-29_03-00-01/gansou_db/sections.bson
mongodb_backup_2026-03-29_03-00-01/gansou_db/mfaconfigs.bson
mongodb_backup_2026-03-29_03-00-01/gansou_db/authidentitysecurities.metadata.json
mongodb_backup_2026-03-29_03-00-01/gansou_db/projects.bson
mongodb_backup_2026-03-29_03-00-01/gansou_db/projects.metadata.json
mongodb_backup_2026-03-29_03-00-01/gansou_db/reservations.metadata.json
mongodb_backup_2026-03-29_03-00-01/gansou_db/articles.metadata.json
mongodb_backup_2026-03-29_03-00-01/gansou_db/reservations.bson
mongodb_backup_2026-03-29_03-00-01/gansou_db/mfaconfigs.metadata.json
mongodb_backup_2026-03-29_03-00-01/gansou_db/prelude.json
mongodb_backup_2026-03-29_03-00-01/gansou_db/offers.bson
mongodb_backup_2026-03-29_03-00-01/gansou_db/authidentitysecurities.bson
mongodb_backup_2026-03-29_03-00-01/gansou_db/authidentities.metadata.json
mongodb_backup_2026-03-29_03-00-01/gansou_db/tags.metadata.json
mongodb_backup_2026-03-29_03-00-01/gansou_db/articles.bson
mongodb_backup_2026-03-29_03-00-01/gansou_db/messages.metadata.json
mongodb_backup_2026-03-29_03-00-01/gansou_db/messages.bson
mongodb_backup_2026-03-29_03-00-01/gansou_db/authsessions.metadata.json
mongodb_backup_2026-03-29_03-00-01/gansou_db/authsecurityaudits.metadata.json
mongodb_backup_2026-03-29_03-00-01/gansou_db/authsessions.bson
mongodb_backup_2026-03-29_03-00-01/gansou_db/tags.bson
mongodb_backup_2026-03-29_03-00-01/gansou_db/sections.metadata.json
mongodb_backup_2026-03-29_03-00-01/gansou_db/admins.bson
mongodb_backup_2026-03-29_03-00-01/gansou_db/authidentities.bson
mongodb_backup_2026-03-29_03-00-01/gansou_db/admins.metadata.json
mongodb_backup_2026-03-29_03-00-01/gansou_db/authsecurityaudits.bson
mongodb_backup_2026-03-29_03-00-01/gansou_db/authsessions.bson
mongodb_backup_2026-03-29_03-00-01/gansou_db/tags.bson
mongodb_backup_2026-03-29_03-00-01/gansou_db/sections.metadata.json
mongodb_backup_2026-03-29_03-00-01/gansou_db/admins.bson
mongodb_backup_2026-03-29_03-00-01/gansou_db/authidentities.bson
mongodb_backup_2026-03-29_03-00-01/gansou_db/admins.metadata.json
mongodb_backup_2026-03-29_03-00-01/gansou_db/authsecurityaudits.bson
2026-03-29 03:00:02 [[0;32mSUCCESS[0m] Backup compresse: /root/MaisonGANSOU/backups/mongodb/mongodb_backup_2026-03-29_03-00-01.tar.gz (20K)
2026-03-29 03:00:02 [[0;32mSUCCESS[0m] Backup compresse: /root/MaisonGANSOU/backups/mongodb/mongodb_backup_2026-03-29_03-00-01.tar.gz (20K)
2026-03-29 03:00:02 [[1;33mWARNING[0m] Configuration S3 incomplete. Backup local uniquement.
2026-03-29 03:00:02 [[1;33mWARNING[0m] Configuration S3 incomplete. Backup local uniquement.
2026-03-29 03:00:02 [[1;33mWARNING[0m] Configurez les variables AWS dans /root/MaisonGANSOU/backend/.env
2026-03-29 03:00:02 [[1;33mWARNING[0m] Configurez les variables AWS dans /root/MaisonGANSOU/backend/.env
2026-03-29 03:00:02 [INFO] Nettoyage des anciens backups (> 30 jours)...
2026-03-29 03:00:02 [INFO] Nettoyage des anciens backups (> 30 jours)...
2026-03-29 03:00:02 [INFO] 1 ancien(s) backup(s) supprime(s)
2026-03-29 03:00:02 [INFO] 1 ancien(s) backup(s) supprime(s)
2026-03-29 03:00:02 [INFO] ==========================================
2026-03-29 03:00:02 [INFO] ==========================================
2026-03-29 03:00:02 [[0;32mSUCCESS[0m] Sauvegarde terminee avec succes!
2026-03-29 03:00:02 [[0;32mSUCCESS[0m] Sauvegarde terminee avec succes!
2026-03-29 03:00:02 [INFO] Fichier local: /root/MaisonGANSOU/backups/mongodb/mongodb_backup_2026-03-29_03-00-01.tar.gz
2026-03-29 03:00:02 [INFO] Fichier local: /root/MaisonGANSOU/backups/mongodb/mongodb_backup_2026-03-29_03-00-01.tar.gz
2026-03-29 03:00:02 [INFO] Taille: 20K
2026-03-29 03:00:02 [INFO] Taille: 20K
2026-03-29 03:00:02 [INFO] ==========================================
2026-03-29 03:00:02 [INFO] ==========================================
2026-03-29 03:00:02 [INFO] Backups disponibles:
2026-03-29 03:00:02 [INFO] Backups disponibles:
-rw-r--r-- 1 root root 19K Mar  1 03:00 /root/MaisonGANSOU/backups/mongodb/mongodb_backup_2026-03-01_03-00-01.tar.gz
-rw-r--r-- 1 root root 19K Mar  8 03:00 /root/MaisonGANSOU/backups/mongodb/mongodb_backup_2026-03-08_03-00-01.tar.gz
-rw-r--r-- 1 root root 19K Mar 15 03:00 /root/MaisonGANSOU/backups/mongodb/mongodb_backup_2026-03-15_03-00-01.tar.gz
-rw-r--r-- 1 root root 19K Mar 22 03:00 /root/MaisonGANSOU/backups/mongodb/mongodb_backup_2026-03-22_03-00-01.tar.gz
-rw-r--r-- 1 root root 19K Mar 29 03:00 /root/MaisonGANSOU/backups/mongodb/mongodb_backup_2026-03-29_03-00-01.tar.gz
-rw-r--r-- 1 root root 19K Mar  1 03:00 /root/MaisonGANSOU/backups/mongodb/mongodb_backup_2026-03-01_03-00-01.tar.gz
-rw-r--r-- 1 root root 19K Mar  8 03:00 /root/MaisonGANSOU/backups/mongodb/mongodb_backup_2026-03-08_03-00-01.tar.gz
-rw-r--r-- 1 root root 19K Mar 15 03:00 /root/MaisonGANSOU/backups/mongodb/mongodb_backup_2026-03-15_03-00-01.tar.gz
-rw-r--r-- 1 root root 19K Mar 22 03:00 /root/MaisonGANSOU/backups/mongodb/mongodb_backup_2026-03-22_03-00-01.tar.gz
-rw-r--r-- 1 root root 19K Mar 29 03:00 /root/MaisonGANSOU/backups/mongodb/mongodb_backup_2026-03-29_03-00-01.tar.gz
2026-04-05 03:00:01 [INFO] ==========================================
2026-04-05 03:00:01 [INFO] ==========================================
2026-04-05 03:00:01 [INFO] Demarrage de la sauvegarde MongoDB
2026-04-05 03:00:01 [INFO] Demarrage de la sauvegarde MongoDB
2026-04-05 03:00:01 [INFO] ==========================================
2026-04-05 03:00:01 [INFO] ==========================================
2026-04-05 03:00:01 [INFO] Container MongoDB detecte: maison-mongodb
2026-04-05 03:00:01 [INFO] Container MongoDB detecte: maison-mongodb
2026-04-05 03:00:01 [INFO] Creation du dump MongoDB...
2026-04-05 03:00:01 [INFO] Creation du dump MongoDB...
2026-04-05T03:00:01.732+0000	writing gansou_db.authsecurityaudits to /tmp/mongodb_backup_2026-04-05_03-00-01/gansou_db/authsecurityaudits.bson
2026-04-05T03:00:01.732+0000	writing gansou_db.reservations to /tmp/mongodb_backup_2026-04-05_03-00-01/gansou_db/reservations.bson
2026-04-05T03:00:01.732+0000	writing gansou_db.authsecurityaudits to /tmp/mongodb_backup_2026-04-05_03-00-01/gansou_db/authsecurityaudits.bson
2026-04-05T03:00:01.732+0000	writing gansou_db.reservations to /tmp/mongodb_backup_2026-04-05_03-00-01/gansou_db/reservations.bson
2026-04-05T03:00:01.733+0000	writing gansou_db.authsessions to /tmp/mongodb_backup_2026-04-05_03-00-01/gansou_db/authsessions.bson
2026-04-05T03:00:01.734+0000	writing gansou_db.projects to /tmp/mongodb_backup_2026-04-05_03-00-01/gansou_db/projects.bson
2026-04-05T03:00:01.733+0000	writing gansou_db.authsessions to /tmp/mongodb_backup_2026-04-05_03-00-01/gansou_db/authsessions.bson
2026-04-05T03:00:01.734+0000	writing gansou_db.projects to /tmp/mongodb_backup_2026-04-05_03-00-01/gansou_db/projects.bson
2026-04-05T03:00:01.737+0000	done dumping gansou_db.reservations (25 documents)
2026-04-05T03:00:01.737+0000	writing gansou_db.messages to /tmp/mongodb_backup_2026-04-05_03-00-01/gansou_db/messages.bson
2026-04-05T03:00:01.737+0000	done dumping gansou_db.reservations (25 documents)
2026-04-05T03:00:01.737+0000	writing gansou_db.messages to /tmp/mongodb_backup_2026-04-05_03-00-01/gansou_db/messages.bson
2026-04-05T03:00:01.739+0000	done dumping gansou_db.authsecurityaudits (39 documents)
2026-04-05T03:00:01.739+0000	done dumping gansou_db.authsecurityaudits (39 documents)
2026-04-05T03:00:01.739+0000	writing gansou_db.authidentitysecurities to /tmp/mongodb_backup_2026-04-05_03-00-01/gansou_db/authidentitysecurities.bson
2026-04-05T03:00:01.739+0000	writing gansou_db.authidentitysecurities to /tmp/mongodb_backup_2026-04-05_03-00-01/gansou_db/authidentitysecurities.bson
2026-04-05T03:00:01.739+0000	done dumping gansou_db.authsessions (18 documents)
2026-04-05T03:00:01.739+0000	done dumping gansou_db.authsessions (18 documents)
2026-04-05T03:00:01.739+0000	writing gansou_db.offers to /tmp/mongodb_backup_2026-04-05_03-00-01/gansou_db/offers.bson
2026-04-05T03:00:01.739+0000	writing gansou_db.offers to /tmp/mongodb_backup_2026-04-05_03-00-01/gansou_db/offers.bson
2026-04-05T03:00:01.742+0000	done dumping gansou_db.messages (11 documents)
2026-04-05T03:00:01.742+0000	writing gansou_db.tags to /tmp/mongodb_backup_2026-04-05_03-00-01/gansou_db/tags.bson
2026-04-05T03:00:01.742+0000	done dumping gansou_db.messages (11 documents)
2026-04-05T03:00:01.742+0000	writing gansou_db.tags to /tmp/mongodb_backup_2026-04-05_03-00-01/gansou_db/tags.bson
2026-04-05T03:00:01.742+0000	done dumping gansou_db.projects (13 documents)
2026-04-05T03:00:01.742+0000	writing gansou_db.authidentities to /tmp/mongodb_backup_2026-04-05_03-00-01/gansou_db/authidentities.bson
2026-04-05T03:00:01.742+0000	done dumping gansou_db.projects (13 documents)
2026-04-05T03:00:01.742+0000	writing gansou_db.authidentities to /tmp/mongodb_backup_2026-04-05_03-00-01/gansou_db/authidentities.bson
2026-04-05T03:00:01.744+0000	done dumping gansou_db.authidentitysecurities (4 documents)
2026-04-05T03:00:01.744+0000	writing gansou_db.admins to /tmp/mongodb_backup_2026-04-05_03-00-01/gansou_db/admins.bson
2026-04-05T03:00:01.744+0000	done dumping gansou_db.authidentitysecurities (4 documents)
2026-04-05T03:00:01.744+0000	writing gansou_db.admins to /tmp/mongodb_backup_2026-04-05_03-00-01/gansou_db/admins.bson
2026-04-05T03:00:01.744+0000	done dumping gansou_db.tags (3 documents)
2026-04-05T03:00:01.744+0000	writing gansou_db.mfaconfigs to /tmp/mongodb_backup_2026-04-05_03-00-01/gansou_db/mfaconfigs.bson
2026-04-05T03:00:01.744+0000	done dumping gansou_db.tags (3 documents)
2026-04-05T03:00:01.744+0000	writing gansou_db.mfaconfigs to /tmp/mongodb_backup_2026-04-05_03-00-01/gansou_db/mfaconfigs.bson
2026-04-05T03:00:01.745+0000	done dumping gansou_db.offers (4 documents)
2026-04-05T03:00:01.745+0000	done dumping gansou_db.offers (4 documents)
2026-04-05T03:00:01.745+0000	writing gansou_db.articles to /tmp/mongodb_backup_2026-04-05_03-00-01/gansou_db/articles.bson
2026-04-05T03:00:01.745+0000	writing gansou_db.articles to /tmp/mongodb_backup_2026-04-05_03-00-01/gansou_db/articles.bson
2026-04-05T03:00:01.746+0000	done dumping gansou_db.authidentities (3 documents)
2026-04-05T03:00:01.746+0000	done dumping gansou_db.authidentities (3 documents)
2026-04-05T03:00:01.746+0000	writing gansou_db.sections to /tmp/mongodb_backup_2026-04-05_03-00-01/gansou_db/sections.bson
2026-04-05T03:00:01.746+0000	writing gansou_db.sections to /tmp/mongodb_backup_2026-04-05_03-00-01/gansou_db/sections.bson
2026-04-05T03:00:01.747+0000	done dumping gansou_db.mfaconfigs (0 documents)
2026-04-05T03:00:01.747+0000	done dumping gansou_db.mfaconfigs (0 documents)
2026-04-05T03:00:01.747+0000	done dumping gansou_db.articles (0 documents)
2026-04-05T03:00:01.747+0000	done dumping gansou_db.articles (0 documents)
2026-04-05T03:00:01.747+0000	done dumping gansou_db.sections (0 documents)
2026-04-05T03:00:01.747+0000	done dumping gansou_db.sections (0 documents)
2026-04-05T03:00:01.748+0000	done dumping gansou_db.admins (3 documents)
2026-04-05T03:00:01.748+0000	done dumping gansou_db.admins (3 documents)
2026-04-05 03:00:01 [[0;32mSUCCESS[0m] Dump MongoDB cree avec succes
2026-04-05 03:00:01 [[0;32mSUCCESS[0m] Dump MongoDB cree avec succes
2026-04-05 03:00:01 [INFO] Compression du backup...
2026-04-05 03:00:01 [INFO] Compression du backup...
mongodb_backup_2026-04-05_03-00-01/
mongodb_backup_2026-04-05_03-00-01/gansou_db/
mongodb_backup_2026-04-05_03-00-01/gansou_db/offers.metadata.json
mongodb_backup_2026-04-05_03-00-01/gansou_db/sections.bson
mongodb_backup_2026-04-05_03-00-01/gansou_db/mfaconfigs.bson
mongodb_backup_2026-04-05_03-00-01/gansou_db/authidentitysecurities.metadata.json
mongodb_backup_2026-04-05_03-00-01/gansou_db/projects.bson
mongodb_backup_2026-04-05_03-00-01/gansou_db/projects.metadata.json
mongodb_backup_2026-04-05_03-00-01/gansou_db/reservations.metadata.json
mongodb_backup_2026-04-05_03-00-01/gansou_db/articles.metadata.json
mongodb_backup_2026-04-05_03-00-01/gansou_db/reservations.bson
mongodb_backup_2026-04-05_03-00-01/gansou_db/mfaconfigs.metadata.json
mongodb_backup_2026-04-05_03-00-01/gansou_db/prelude.json
mongodb_backup_2026-04-05_03-00-01/gansou_db/offers.bson
mongodb_backup_2026-04-05_03-00-01/gansou_db/authidentitysecurities.bson
mongodb_backup_2026-04-05_03-00-01/gansou_db/authidentities.metadata.json
mongodb_backup_2026-04-05_03-00-01/gansou_db/tags.metadata.json
mongodb_backup_2026-04-05_03-00-01/gansou_db/articles.bson
mongodb_backup_2026-04-05_03-00-01/gansou_db/messages.metadata.json
mongodb_backup_2026-04-05_03-00-01/gansou_db/messages.bson
mongodb_backup_2026-04-05_03-00-01/gansou_db/authsessions.metadata.json
mongodb_backup_2026-04-05_03-00-01/gansou_db/authsecurityaudits.metadata.json
mongodb_backup_2026-04-05_03-00-01/
mongodb_backup_2026-04-05_03-00-01/gansou_db/
mongodb_backup_2026-04-05_03-00-01/gansou_db/offers.metadata.json
mongodb_backup_2026-04-05_03-00-01/gansou_db/sections.bson
mongodb_backup_2026-04-05_03-00-01/gansou_db/mfaconfigs.bson
mongodb_backup_2026-04-05_03-00-01/gansou_db/authidentitysecurities.metadata.json
mongodb_backup_2026-04-05_03-00-01/gansou_db/projects.bson
mongodb_backup_2026-04-05_03-00-01/gansou_db/projects.metadata.json
mongodb_backup_2026-04-05_03-00-01/gansou_db/reservations.metadata.json
mongodb_backup_2026-04-05_03-00-01/gansou_db/articles.metadata.json
mongodb_backup_2026-04-05_03-00-01/gansou_db/reservations.bson
mongodb_backup_2026-04-05_03-00-01/gansou_db/mfaconfigs.metadata.json
mongodb_backup_2026-04-05_03-00-01/gansou_db/prelude.json
mongodb_backup_2026-04-05_03-00-01/gansou_db/offers.bson
mongodb_backup_2026-04-05_03-00-01/gansou_db/authidentitysecurities.bson
mongodb_backup_2026-04-05_03-00-01/gansou_db/authidentities.metadata.json
mongodb_backup_2026-04-05_03-00-01/gansou_db/tags.metadata.json
mongodb_backup_2026-04-05_03-00-01/gansou_db/articles.bson
mongodb_backup_2026-04-05_03-00-01/gansou_db/messages.metadata.json
mongodb_backup_2026-04-05_03-00-01/gansou_db/messages.bson
mongodb_backup_2026-04-05_03-00-01/gansou_db/authsessions.metadata.json
mongodb_backup_2026-04-05_03-00-01/gansou_db/authsecurityaudits.metadata.json
mongodb_backup_2026-04-05_03-00-01/gansou_db/authsessions.bson
mongodb_backup_2026-04-05_03-00-01/gansou_db/tags.bson
mongodb_backup_2026-04-05_03-00-01/gansou_db/sections.metadata.json
mongodb_backup_2026-04-05_03-00-01/gansou_db/admins.bson
mongodb_backup_2026-04-05_03-00-01/gansou_db/authidentities.bson
mongodb_backup_2026-04-05_03-00-01/gansou_db/admins.metadata.json
mongodb_backup_2026-04-05_03-00-01/gansou_db/authsecurityaudits.bson
mongodb_backup_2026-04-05_03-00-01/gansou_db/authsessions.bson
mongodb_backup_2026-04-05_03-00-01/gansou_db/tags.bson
mongodb_backup_2026-04-05_03-00-01/gansou_db/sections.metadata.json
mongodb_backup_2026-04-05_03-00-01/gansou_db/admins.bson
mongodb_backup_2026-04-05_03-00-01/gansou_db/authidentities.bson
mongodb_backup_2026-04-05_03-00-01/gansou_db/admins.metadata.json
mongodb_backup_2026-04-05_03-00-01/gansou_db/authsecurityaudits.bson
2026-04-05 03:00:01 [[0;32mSUCCESS[0m] Backup compresse: /root/MaisonGANSOU/backups/mongodb/mongodb_backup_2026-04-05_03-00-01.tar.gz (20K)
2026-04-05 03:00:01 [[0;32mSUCCESS[0m] Backup compresse: /root/MaisonGANSOU/backups/mongodb/mongodb_backup_2026-04-05_03-00-01.tar.gz (20K)
2026-04-05 03:00:01 [[1;33mWARNING[0m] Configuration S3 incomplete. Backup local uniquement.
2026-04-05 03:00:01 [[1;33mWARNING[0m] Configuration S3 incomplete. Backup local uniquement.
2026-04-05 03:00:01 [[1;33mWARNING[0m] Configurez les variables AWS dans /root/MaisonGANSOU/backend/.env
2026-04-05 03:00:01 [[1;33mWARNING[0m] Configurez les variables AWS dans /root/MaisonGANSOU/backend/.env
2026-04-05 03:00:01 [INFO] Nettoyage des anciens backups (> 30 jours)...
2026-04-05 03:00:01 [INFO] Nettoyage des anciens backups (> 30 jours)...
2026-04-05 03:00:01 [INFO] 1 ancien(s) backup(s) supprime(s)
2026-04-05 03:00:01 [INFO] 1 ancien(s) backup(s) supprime(s)
2026-04-05 03:00:01 [INFO] ==========================================
2026-04-05 03:00:01 [INFO] ==========================================
2026-04-05 03:00:01 [[0;32mSUCCESS[0m] Sauvegarde terminee avec succes!
2026-04-05 03:00:01 [[0;32mSUCCESS[0m] Sauvegarde terminee avec succes!
2026-04-05 03:00:01 [INFO] Fichier local: /root/MaisonGANSOU/backups/mongodb/mongodb_backup_2026-04-05_03-00-01.tar.gz
2026-04-05 03:00:01 [INFO] Fichier local: /root/MaisonGANSOU/backups/mongodb/mongodb_backup_2026-04-05_03-00-01.tar.gz
2026-04-05 03:00:01 [INFO] Taille: 20K
2026-04-05 03:00:01 [INFO] Taille: 20K
2026-04-05 03:00:01 [INFO] ==========================================
2026-04-05 03:00:01 [INFO] ==========================================
2026-04-05 03:00:01 [INFO] Backups disponibles:
2026-04-05 03:00:01 [INFO] Backups disponibles:
-rw-r--r-- 1 root root 19K Mar  8 03:00 /root/MaisonGANSOU/backups/mongodb/mongodb_backup_2026-03-08_03-00-01.tar.gz
-rw-r--r-- 1 root root 19K Mar 15 03:00 /root/MaisonGANSOU/backups/mongodb/mongodb_backup_2026-03-15_03-00-01.tar.gz
-rw-r--r-- 1 root root 19K Mar 22 03:00 /root/MaisonGANSOU/backups/mongodb/mongodb_backup_2026-03-22_03-00-01.tar.gz
-rw-r--r-- 1 root root 19K Mar 29 03:00 /root/MaisonGANSOU/backups/mongodb/mongodb_backup_2026-03-29_03-00-01.tar.gz
-rw-r--r-- 1 root root 19K Apr  5 03:00 /root/MaisonGANSOU/backups/mongodb/mongodb_backup_2026-04-05_03-00-01.tar.gz
-rw-r--r-- 1 root root 19K Mar  8 03:00 /root/MaisonGANSOU/backups/mongodb/mongodb_backup_2026-03-08_03-00-01.tar.gz
-rw-r--r-- 1 root root 19K Mar 15 03:00 /root/MaisonGANSOU/backups/mongodb/mongodb_backup_2026-03-15_03-00-01.tar.gz
-rw-r--r-- 1 root root 19K Mar 22 03:00 /root/MaisonGANSOU/backups/mongodb/mongodb_backup_2026-03-22_03-00-01.tar.gz
-rw-r--r-- 1 root root 19K Mar 29 03:00 /root/MaisonGANSOU/backups/mongodb/mongodb_backup_2026-03-29_03-00-01.tar.gz
-rw-r--r-- 1 root root 19K Apr  5 03:00 /root/MaisonGANSOU/backups/mongodb/mongodb_backup_2026-04-05_03-00-01.tar.gz
2026-04-12 03:00:01 [INFO] ==========================================
2026-04-12 03:00:01 [INFO] ==========================================
2026-04-12 03:00:01 [INFO] Demarrage de la sauvegarde MongoDB
2026-04-12 03:00:01 [INFO] Demarrage de la sauvegarde MongoDB
2026-04-12 03:00:01 [INFO] ==========================================
2026-04-12 03:00:01 [INFO] ==========================================
2026-04-12 03:00:01 [INFO] Container MongoDB detecte: maison-mongodb
2026-04-12 03:00:01 [INFO] Container MongoDB detecte: maison-mongodb
2026-04-12 03:00:01 [INFO] Creation du dump MongoDB...
2026-04-12 03:00:01 [INFO] Creation du dump MongoDB...
2026-04-12T03:00:01.337+0000	writing gansou_db.authsecurityaudits to /tmp/mongodb_backup_2026-04-12_03-00-01/gansou_db/authsecurityaudits.bson
2026-04-12T03:00:01.337+0000	writing gansou_db.authsecurityaudits to /tmp/mongodb_backup_2026-04-12_03-00-01/gansou_db/authsecurityaudits.bson
2026-04-12T03:00:01.338+0000	writing gansou_db.reservations to /tmp/mongodb_backup_2026-04-12_03-00-01/gansou_db/reservations.bson
2026-04-12T03:00:01.338+0000	writing gansou_db.authsessions to /tmp/mongodb_backup_2026-04-12_03-00-01/gansou_db/authsessions.bson
2026-04-12T03:00:01.339+0000	writing gansou_db.projects to /tmp/mongodb_backup_2026-04-12_03-00-01/gansou_db/projects.bson
2026-04-12T03:00:01.338+0000	writing gansou_db.reservations to /tmp/mongodb_backup_2026-04-12_03-00-01/gansou_db/reservations.bson
2026-04-12T03:00:01.338+0000	writing gansou_db.authsessions to /tmp/mongodb_backup_2026-04-12_03-00-01/gansou_db/authsessions.bson
2026-04-12T03:00:01.339+0000	writing gansou_db.projects to /tmp/mongodb_backup_2026-04-12_03-00-01/gansou_db/projects.bson
2026-04-12T03:00:01.342+0000	done dumping gansou_db.authsecurityaudits (39 documents)
2026-04-12T03:00:01.342+0000	done dumping gansou_db.authsecurityaudits (39 documents)
2026-04-12T03:00:01.342+0000	writing gansou_db.messages to /tmp/mongodb_backup_2026-04-12_03-00-01/gansou_db/messages.bson
2026-04-12T03:00:01.342+0000	writing gansou_db.messages to /tmp/mongodb_backup_2026-04-12_03-00-01/gansou_db/messages.bson
2026-04-12T03:00:01.343+0000	done dumping gansou_db.reservations (25 documents)
2026-04-12T03:00:01.343+0000	done dumping gansou_db.reservations (25 documents)
2026-04-12T03:00:01.343+0000	writing gansou_db.authidentitysecurities to /tmp/mongodb_backup_2026-04-12_03-00-01/gansou_db/authidentitysecurities.bson
2026-04-12T03:00:01.343+0000	writing gansou_db.authidentitysecurities to /tmp/mongodb_backup_2026-04-12_03-00-01/gansou_db/authidentitysecurities.bson
2026-04-12T03:00:01.345+0000	done dumping gansou_db.authidentitysecurities (4 documents)
2026-04-12T03:00:01.345+0000	writing gansou_db.offers to /tmp/mongodb_backup_2026-04-12_03-00-01/gansou_db/offers.bson
2026-04-12T03:00:01.345+0000	done dumping gansou_db.authidentitysecurities (4 documents)
2026-04-12T03:00:01.345+0000	writing gansou_db.offers to /tmp/mongodb_backup_2026-04-12_03-00-01/gansou_db/offers.bson
2026-04-12T03:00:01.346+0000	done dumping gansou_db.authsessions (18 documents)
2026-04-12T03:00:01.346+0000	done dumping gansou_db.authsessions (18 documents)
2026-04-12T03:00:01.346+0000	writing gansou_db.tags to /tmp/mongodb_backup_2026-04-12_03-00-01/gansou_db/tags.bson
2026-04-12T03:00:01.346+0000	done dumping gansou_db.projects (13 documents)
2026-04-12T03:00:01.346+0000	writing gansou_db.authidentities to /tmp/mongodb_backup_2026-04-12_03-00-01/gansou_db/authidentities.bson
2026-04-12T03:00:01.346+0000	writing gansou_db.tags to /tmp/mongodb_backup_2026-04-12_03-00-01/gansou_db/tags.bson
2026-04-12T03:00:01.346+0000	done dumping gansou_db.projects (13 documents)
2026-04-12T03:00:01.346+0000	writing gansou_db.authidentities to /tmp/mongodb_backup_2026-04-12_03-00-01/gansou_db/authidentities.bson
2026-04-12T03:00:01.347+0000	done dumping gansou_db.offers (4 documents)
2026-04-12T03:00:01.347+0000	writing gansou_db.admins to /tmp/mongodb_backup_2026-04-12_03-00-01/gansou_db/admins.bson
2026-04-12T03:00:01.347+0000	done dumping gansou_db.offers (4 documents)
2026-04-12T03:00:01.347+0000	writing gansou_db.admins to /tmp/mongodb_backup_2026-04-12_03-00-01/gansou_db/admins.bson
2026-04-12T03:00:01.347+0000	done dumping gansou_db.tags (3 documents)
2026-04-12T03:00:01.347+0000	done dumping gansou_db.tags (3 documents)
2026-04-12T03:00:01.347+0000	writing gansou_db.mfaconfigs to /tmp/mongodb_backup_2026-04-12_03-00-01/gansou_db/mfaconfigs.bson
2026-04-12T03:00:01.347+0000	writing gansou_db.mfaconfigs to /tmp/mongodb_backup_2026-04-12_03-00-01/gansou_db/mfaconfigs.bson
2026-04-12T03:00:01.348+0000	done dumping gansou_db.authidentities (3 documents)
2026-04-12T03:00:01.348+0000	writing gansou_db.articles to /tmp/mongodb_backup_2026-04-12_03-00-01/gansou_db/articles.bson
2026-04-12T03:00:01.348+0000	done dumping gansou_db.authidentities (3 documents)
2026-04-12T03:00:01.348+0000	writing gansou_db.articles to /tmp/mongodb_backup_2026-04-12_03-00-01/gansou_db/articles.bson
2026-04-12T03:00:01.349+0000	done dumping gansou_db.messages (11 documents)
2026-04-12T03:00:01.349+0000	writing gansou_db.sections to /tmp/mongodb_backup_2026-04-12_03-00-01/gansou_db/sections.bson
2026-04-12T03:00:01.349+0000	done dumping gansou_db.messages (11 documents)
2026-04-12T03:00:01.349+0000	writing gansou_db.sections to /tmp/mongodb_backup_2026-04-12_03-00-01/gansou_db/sections.bson
2026-04-12T03:00:01.350+0000	done dumping gansou_db.articles (0 documents)
2026-04-12T03:00:01.350+0000	done dumping gansou_db.admins (3 documents)
2026-04-12T03:00:01.350+0000	done dumping gansou_db.articles (0 documents)
2026-04-12T03:00:01.350+0000	done dumping gansou_db.admins (3 documents)
2026-04-12T03:00:01.350+0000	done dumping gansou_db.mfaconfigs (0 documents)
2026-04-12T03:00:01.350+0000	done dumping gansou_db.mfaconfigs (0 documents)
2026-04-12T03:00:01.351+0000	done dumping gansou_db.sections (0 documents)
2026-04-12T03:00:01.351+0000	done dumping gansou_db.sections (0 documents)
2026-04-12 03:00:01 [[0;32mSUCCESS[0m] Dump MongoDB cree avec succes
2026-04-12 03:00:01 [[0;32mSUCCESS[0m] Dump MongoDB cree avec succes
2026-04-12 03:00:01 [INFO] Compression du backup...
2026-04-12 03:00:01 [INFO] Compression du backup...
mongodb_backup_2026-04-12_03-00-01/
mongodb_backup_2026-04-12_03-00-01/gansou_db/
mongodb_backup_2026-04-12_03-00-01/gansou_db/offers.metadata.json
mongodb_backup_2026-04-12_03-00-01/gansou_db/sections.bson
mongodb_backup_2026-04-12_03-00-01/gansou_db/mfaconfigs.bson
mongodb_backup_2026-04-12_03-00-01/gansou_db/authidentitysecurities.metadata.json
mongodb_backup_2026-04-12_03-00-01/gansou_db/projects.bson
mongodb_backup_2026-04-12_03-00-01/gansou_db/projects.metadata.json
mongodb_backup_2026-04-12_03-00-01/gansou_db/reservations.metadata.json
mongodb_backup_2026-04-12_03-00-01/gansou_db/articles.metadata.json
mongodb_backup_2026-04-12_03-00-01/gansou_db/reservations.bson
mongodb_backup_2026-04-12_03-00-01/gansou_db/mfaconfigs.metadata.json
mongodb_backup_2026-04-12_03-00-01/gansou_db/prelude.json
mongodb_backup_2026-04-12_03-00-01/gansou_db/offers.bson
mongodb_backup_2026-04-12_03-00-01/gansou_db/authidentitysecurities.bson
mongodb_backup_2026-04-12_03-00-01/gansou_db/authidentities.metadata.json
mongodb_backup_2026-04-12_03-00-01/gansou_db/tags.metadata.json
mongodb_backup_2026-04-12_03-00-01/gansou_db/articles.bson
mongodb_backup_2026-04-12_03-00-01/gansou_db/messages.metadata.json
mongodb_backup_2026-04-12_03-00-01/gansou_db/messages.bson
mongodb_backup_2026-04-12_03-00-01/gansou_db/authsessions.metadata.json
mongodb_backup_2026-04-12_03-00-01/gansou_db/authsecurityaudits.metadata.json
mongodb_backup_2026-04-12_03-00-01/
mongodb_backup_2026-04-12_03-00-01/gansou_db/
mongodb_backup_2026-04-12_03-00-01/gansou_db/offers.metadata.json
mongodb_backup_2026-04-12_03-00-01/gansou_db/sections.bson
mongodb_backup_2026-04-12_03-00-01/gansou_db/mfaconfigs.bson
mongodb_backup_2026-04-12_03-00-01/gansou_db/authidentitysecurities.metadata.json
mongodb_backup_2026-04-12_03-00-01/gansou_db/projects.bson
mongodb_backup_2026-04-12_03-00-01/gansou_db/projects.metadata.json
mongodb_backup_2026-04-12_03-00-01/gansou_db/reservations.metadata.json
mongodb_backup_2026-04-12_03-00-01/gansou_db/articles.metadata.json
mongodb_backup_2026-04-12_03-00-01/gansou_db/reservations.bson
mongodb_backup_2026-04-12_03-00-01/gansou_db/mfaconfigs.metadata.json
mongodb_backup_2026-04-12_03-00-01/gansou_db/prelude.json
mongodb_backup_2026-04-12_03-00-01/gansou_db/offers.bson
mongodb_backup_2026-04-12_03-00-01/gansou_db/authidentitysecurities.bson
mongodb_backup_2026-04-12_03-00-01/gansou_db/authidentities.metadata.json
mongodb_backup_2026-04-12_03-00-01/gansou_db/tags.metadata.json
mongodb_backup_2026-04-12_03-00-01/gansou_db/articles.bson
mongodb_backup_2026-04-12_03-00-01/gansou_db/messages.metadata.json
mongodb_backup_2026-04-12_03-00-01/gansou_db/messages.bson
mongodb_backup_2026-04-12_03-00-01/gansou_db/authsessions.metadata.json
mongodb_backup_2026-04-12_03-00-01/gansou_db/authsecurityaudits.metadata.json
mongodb_backup_2026-04-12_03-00-01/gansou_db/authsessions.bson
mongodb_backup_2026-04-12_03-00-01/gansou_db/tags.bson
mongodb_backup_2026-04-12_03-00-01/gansou_db/sections.metadata.json
mongodb_backup_2026-04-12_03-00-01/gansou_db/admins.bson
mongodb_backup_2026-04-12_03-00-01/gansou_db/authidentities.bson
mongodb_backup_2026-04-12_03-00-01/gansou_db/admins.metadata.json
mongodb_backup_2026-04-12_03-00-01/gansou_db/authsecurityaudits.bson
mongodb_backup_2026-04-12_03-00-01/gansou_db/authsessions.bson
mongodb_backup_2026-04-12_03-00-01/gansou_db/tags.bson
mongodb_backup_2026-04-12_03-00-01/gansou_db/sections.metadata.json
mongodb_backup_2026-04-12_03-00-01/gansou_db/admins.bson
mongodb_backup_2026-04-12_03-00-01/gansou_db/authidentities.bson
mongodb_backup_2026-04-12_03-00-01/gansou_db/admins.metadata.json
mongodb_backup_2026-04-12_03-00-01/gansou_db/authsecurityaudits.bson
2026-04-12 03:00:01 [[0;32mSUCCESS[0m] Backup compresse: /root/MaisonGANSOU/backups/mongodb/mongodb_backup_2026-04-12_03-00-01.tar.gz (20K)
2026-04-12 03:00:01 [[0;32mSUCCESS[0m] Backup compresse: /root/MaisonGANSOU/backups/mongodb/mongodb_backup_2026-04-12_03-00-01.tar.gz (20K)
2026-04-12 03:00:01 [[1;33mWARNING[0m] Configuration S3 incomplete. Backup local uniquement.
2026-04-12 03:00:01 [[1;33mWARNING[0m] Configuration S3 incomplete. Backup local uniquement.
2026-04-12 03:00:01 [[1;33mWARNING[0m] Configurez les variables AWS dans /root/MaisonGANSOU/backend/.env
2026-04-12 03:00:01 [[1;33mWARNING[0m] Configurez les variables AWS dans /root/MaisonGANSOU/backend/.env
2026-04-12 03:00:01 [INFO] Nettoyage des anciens backups (> 30 jours)...
2026-04-12 03:00:01 [INFO] Nettoyage des anciens backups (> 30 jours)...
2026-04-12 03:00:01 [INFO] 1 ancien(s) backup(s) supprime(s)
2026-04-12 03:00:01 [INFO] 1 ancien(s) backup(s) supprime(s)
2026-04-12 03:00:01 [INFO] ==========================================
2026-04-12 03:00:01 [INFO] ==========================================
2026-04-12 03:00:01 [[0;32mSUCCESS[0m] Sauvegarde terminee avec succes!
2026-04-12 03:00:01 [[0;32mSUCCESS[0m] Sauvegarde terminee avec succes!
2026-04-12 03:00:01 [INFO] Fichier local: /root/MaisonGANSOU/backups/mongodb/mongodb_backup_2026-04-12_03-00-01.tar.gz
2026-04-12 03:00:01 [INFO] Fichier local: /root/MaisonGANSOU/backups/mongodb/mongodb_backup_2026-04-12_03-00-01.tar.gz
2026-04-12 03:00:01 [INFO] Taille: 20K
2026-04-12 03:00:01 [INFO] Taille: 20K
2026-04-12 03:00:01 [INFO] ==========================================
2026-04-12 03:00:01 [INFO] ==========================================
2026-04-12 03:00:01 [INFO] Backups disponibles:
2026-04-12 03:00:01 [INFO] Backups disponibles:
-rw-r--r-- 1 root root 19K Mar 15 03:00 /root/MaisonGANSOU/backups/mongodb/mongodb_backup_2026-03-15_03-00-01.tar.gz
-rw-r--r-- 1 root root 19K Mar 22 03:00 /root/MaisonGANSOU/backups/mongodb/mongodb_backup_2026-03-22_03-00-01.tar.gz
-rw-r--r-- 1 root root 19K Mar 29 03:00 /root/MaisonGANSOU/backups/mongodb/mongodb_backup_2026-03-29_03-00-01.tar.gz
-rw-r--r-- 1 root root 19K Apr  5 03:00 /root/MaisonGANSOU/backups/mongodb/mongodb_backup_2026-04-05_03-00-01.tar.gz
-rw-r--r-- 1 root root 19K Apr 12 03:00 /root/MaisonGANSOU/backups/mongodb/mongodb_backup_2026-04-12_03-00-01.tar.gz
-rw-r--r-- 1 root root 19K Mar 15 03:00 /root/MaisonGANSOU/backups/mongodb/mongodb_backup_2026-03-15_03-00-01.tar.gz
-rw-r--r-- 1 root root 19K Mar 22 03:00 /root/MaisonGANSOU/backups/mongodb/mongodb_backup_2026-03-22_03-00-01.tar.gz
-rw-r--r-- 1 root root 19K Mar 29 03:00 /root/MaisonGANSOU/backups/mongodb/mongodb_backup_2026-03-29_03-00-01.tar.gz
-rw-r--r-- 1 root root 19K Apr  5 03:00 /root/MaisonGANSOU/backups/mongodb/mongodb_backup_2026-04-05_03-00-01.tar.gz
-rw-r--r-- 1 root root 19K Apr 12 03:00 /root/MaisonGANSOU/backups/mongodb/mongodb_backup_2026-04-12_03-00-01.tar.gz
2026-04-19 03:00:01 [INFO] ==========================================
2026-04-19 03:00:01 [INFO] ==========================================
2026-04-19 03:00:01 [INFO] Demarrage de la sauvegarde MongoDB
2026-04-19 03:00:01 [INFO] Demarrage de la sauvegarde MongoDB
2026-04-19 03:00:01 [INFO] ==========================================
2026-04-19 03:00:01 [INFO] ==========================================
2026-04-19 03:00:01 [INFO] Container MongoDB detecte: maison-mongodb
2026-04-19 03:00:01 [INFO] Container MongoDB detecte: maison-mongodb
2026-04-19 03:00:01 [INFO] Creation du dump MongoDB...
2026-04-19 03:00:01 [INFO] Creation du dump MongoDB...
2026-04-19T03:00:01.550+0000	writing gansou_db.authsecurityaudits to /tmp/mongodb_backup_2026-04-19_03-00-01/gansou_db/authsecurityaudits.bson
2026-04-19T03:00:01.551+0000	writing gansou_db.reservations to /tmp/mongodb_backup_2026-04-19_03-00-01/gansou_db/reservations.bson
2026-04-19T03:00:01.551+0000	writing gansou_db.authsessions to /tmp/mongodb_backup_2026-04-19_03-00-01/gansou_db/authsessions.bson
2026-04-19T03:00:01.550+0000	writing gansou_db.authsecurityaudits to /tmp/mongodb_backup_2026-04-19_03-00-01/gansou_db/authsecurityaudits.bson
2026-04-19T03:00:01.551+0000	writing gansou_db.reservations to /tmp/mongodb_backup_2026-04-19_03-00-01/gansou_db/reservations.bson
2026-04-19T03:00:01.551+0000	writing gansou_db.authsessions to /tmp/mongodb_backup_2026-04-19_03-00-01/gansou_db/authsessions.bson
2026-04-19T03:00:01.552+0000	writing gansou_db.projects to /tmp/mongodb_backup_2026-04-19_03-00-01/gansou_db/projects.bson
2026-04-19T03:00:01.552+0000	writing gansou_db.projects to /tmp/mongodb_backup_2026-04-19_03-00-01/gansou_db/projects.bson
2026-04-19T03:00:01.555+0000	done dumping gansou_db.reservations (25 documents)
2026-04-19T03:00:01.555+0000	writing gansou_db.messages to /tmp/mongodb_backup_2026-04-19_03-00-01/gansou_db/messages.bson
2026-04-19T03:00:01.555+0000	done dumping gansou_db.reservations (25 documents)
2026-04-19T03:00:01.555+0000	writing gansou_db.messages to /tmp/mongodb_backup_2026-04-19_03-00-01/gansou_db/messages.bson
2026-04-19T03:00:01.555+0000	done dumping gansou_db.authsessions (18 documents)
2026-04-19T03:00:01.555+0000	writing gansou_db.authidentitysecurities to /tmp/mongodb_backup_2026-04-19_03-00-01/gansou_db/authidentitysecurities.bson
2026-04-19T03:00:01.555+0000	done dumping gansou_db.authsessions (18 documents)
2026-04-19T03:00:01.555+0000	writing gansou_db.authidentitysecurities to /tmp/mongodb_backup_2026-04-19_03-00-01/gansou_db/authidentitysecurities.bson
2026-04-19T03:00:01.558+0000	done dumping gansou_db.authsecurityaudits (39 documents)
2026-04-19T03:00:01.558+0000	done dumping gansou_db.authsecurityaudits (39 documents)
2026-04-19T03:00:01.558+0000	done dumping gansou_db.messages (11 documents)
2026-04-19T03:00:01.558+0000	writing gansou_db.offers to /tmp/mongodb_backup_2026-04-19_03-00-01/gansou_db/offers.bson
2026-04-19T03:00:01.558+0000	done dumping gansou_db.messages (11 documents)
2026-04-19T03:00:01.558+0000	writing gansou_db.offers to /tmp/mongodb_backup_2026-04-19_03-00-01/gansou_db/offers.bson
2026-04-19T03:00:01.559+0000	writing gansou_db.tags to /tmp/mongodb_backup_2026-04-19_03-00-01/gansou_db/tags.bson
2026-04-19T03:00:01.559+0000	writing gansou_db.tags to /tmp/mongodb_backup_2026-04-19_03-00-01/gansou_db/tags.bson
2026-04-19T03:00:01.560+0000	done dumping gansou_db.authidentitysecurities (4 documents)
2026-04-19T03:00:01.560+0000	done dumping gansou_db.authidentitysecurities (4 documents)
2026-04-19T03:00:01.560+0000	writing gansou_db.authidentities to /tmp/mongodb_backup_2026-04-19_03-00-01/gansou_db/authidentities.bson
2026-04-19T03:00:01.560+0000	writing gansou_db.authidentities to /tmp/mongodb_backup_2026-04-19_03-00-01/gansou_db/authidentities.bson
2026-04-19T03:00:01.563+0000	done dumping gansou_db.tags (3 documents)
2026-04-19T03:00:01.563+0000	done dumping gansou_db.tags (3 documents)
2026-04-19T03:00:01.564+0000	writing gansou_db.admins to /tmp/mongodb_backup_2026-04-19_03-00-01/gansou_db/admins.bson
2026-04-19T03:00:01.564+0000	writing gansou_db.admins to /tmp/mongodb_backup_2026-04-19_03-00-01/gansou_db/admins.bson
2026-04-19T03:00:01.564+0000	done dumping gansou_db.projects (13 documents)
2026-04-19T03:00:01.564+0000	writing gansou_db.mfaconfigs to /tmp/mongodb_backup_2026-04-19_03-00-01/gansou_db/mfaconfigs.bson
2026-04-19T03:00:01.564+0000	done dumping gansou_db.offers (4 documents)
2026-04-19T03:00:01.564+0000	writing gansou_db.articles to /tmp/mongodb_backup_2026-04-19_03-00-01/gansou_db/articles.bson
2026-04-19T03:00:01.564+0000	done dumping gansou_db.authidentities (3 documents)
2026-04-19T03:00:01.564+0000	writing gansou_db.sections to /tmp/mongodb_backup_2026-04-19_03-00-01/gansou_db/sections.bson
2026-04-19T03:00:01.564+0000	done dumping gansou_db.projects (13 documents)
2026-04-19T03:00:01.564+0000	writing gansou_db.mfaconfigs to /tmp/mongodb_backup_2026-04-19_03-00-01/gansou_db/mfaconfigs.bson
2026-04-19T03:00:01.564+0000	done dumping gansou_db.offers (4 documents)
2026-04-19T03:00:01.564+0000	writing gansou_db.articles to /tmp/mongodb_backup_2026-04-19_03-00-01/gansou_db/articles.bson
2026-04-19T03:00:01.564+0000	done dumping gansou_db.authidentities (3 documents)
2026-04-19T03:00:01.564+0000	writing gansou_db.sections to /tmp/mongodb_backup_2026-04-19_03-00-01/gansou_db/sections.bson
2026-04-19T03:00:01.565+0000	done dumping gansou_db.admins (3 documents)
2026-04-19T03:00:01.565+0000	done dumping gansou_db.admins (3 documents)
2026-04-19T03:00:01.566+0000	done dumping gansou_db.sections (0 documents)
2026-04-19T03:00:01.566+0000	done dumping gansou_db.sections (0 documents)
2026-04-19T03:00:01.566+0000	done dumping gansou_db.articles (0 documents)
2026-04-19T03:00:01.566+0000	done dumping gansou_db.articles (0 documents)
2026-04-19T03:00:01.567+0000	done dumping gansou_db.mfaconfigs (0 documents)
2026-04-19T03:00:01.567+0000	done dumping gansou_db.mfaconfigs (0 documents)
2026-04-19 03:00:01 [[0;32mSUCCESS[0m] Dump MongoDB cree avec succes
2026-04-19 03:00:01 [[0;32mSUCCESS[0m] Dump MongoDB cree avec succes
2026-04-19 03:00:01 [INFO] Compression du backup...
2026-04-19 03:00:01 [INFO] Compression du backup...
mongodb_backup_2026-04-19_03-00-01/
mongodb_backup_2026-04-19_03-00-01/gansou_db/
mongodb_backup_2026-04-19_03-00-01/gansou_db/offers.metadata.json
mongodb_backup_2026-04-19_03-00-01/gansou_db/sections.bson
mongodb_backup_2026-04-19_03-00-01/gansou_db/mfaconfigs.bson
mongodb_backup_2026-04-19_03-00-01/gansou_db/authidentitysecurities.metadata.json
mongodb_backup_2026-04-19_03-00-01/gansou_db/projects.bson
mongodb_backup_2026-04-19_03-00-01/gansou_db/projects.metadata.json
mongodb_backup_2026-04-19_03-00-01/gansou_db/reservations.metadata.json
mongodb_backup_2026-04-19_03-00-01/gansou_db/articles.metadata.json
mongodb_backup_2026-04-19_03-00-01/gansou_db/reservations.bson
mongodb_backup_2026-04-19_03-00-01/gansou_db/mfaconfigs.metadata.json
mongodb_backup_2026-04-19_03-00-01/gansou_db/prelude.json
mongodb_backup_2026-04-19_03-00-01/gansou_db/offers.bson
mongodb_backup_2026-04-19_03-00-01/gansou_db/authidentitysecurities.bson
mongodb_backup_2026-04-19_03-00-01/gansou_db/authidentities.metadata.json
mongodb_backup_2026-04-19_03-00-01/gansou_db/tags.metadata.json
mongodb_backup_2026-04-19_03-00-01/gansou_db/articles.bson
mongodb_backup_2026-04-19_03-00-01/gansou_db/messages.metadata.json
mongodb_backup_2026-04-19_03-00-01/gansou_db/messages.bson
mongodb_backup_2026-04-19_03-00-01/gansou_db/authsessions.metadata.json
mongodb_backup_2026-04-19_03-00-01/gansou_db/authsecurityaudits.metadata.json
mongodb_backup_2026-04-19_03-00-01/
mongodb_backup_2026-04-19_03-00-01/gansou_db/
mongodb_backup_2026-04-19_03-00-01/gansou_db/offers.metadata.json
mongodb_backup_2026-04-19_03-00-01/gansou_db/sections.bson
mongodb_backup_2026-04-19_03-00-01/gansou_db/mfaconfigs.bson
mongodb_backup_2026-04-19_03-00-01/gansou_db/authidentitysecurities.metadata.json
mongodb_backup_2026-04-19_03-00-01/gansou_db/projects.bson
mongodb_backup_2026-04-19_03-00-01/gansou_db/projects.metadata.json
mongodb_backup_2026-04-19_03-00-01/gansou_db/reservations.metadata.json
mongodb_backup_2026-04-19_03-00-01/gansou_db/articles.metadata.json
mongodb_backup_2026-04-19_03-00-01/gansou_db/reservations.bson
mongodb_backup_2026-04-19_03-00-01/gansou_db/mfaconfigs.metadata.json
mongodb_backup_2026-04-19_03-00-01/gansou_db/prelude.json
mongodb_backup_2026-04-19_03-00-01/gansou_db/offers.bson
mongodb_backup_2026-04-19_03-00-01/gansou_db/authidentitysecurities.bson
mongodb_backup_2026-04-19_03-00-01/gansou_db/authidentities.metadata.json
mongodb_backup_2026-04-19_03-00-01/gansou_db/tags.metadata.json
mongodb_backup_2026-04-19_03-00-01/gansou_db/articles.bson
mongodb_backup_2026-04-19_03-00-01/gansou_db/messages.metadata.json
mongodb_backup_2026-04-19_03-00-01/gansou_db/messages.bson
mongodb_backup_2026-04-19_03-00-01/gansou_db/authsessions.metadata.json
mongodb_backup_2026-04-19_03-00-01/gansou_db/authsecurityaudits.metadata.json
mongodb_backup_2026-04-19_03-00-01/gansou_db/authsessions.bson
mongodb_backup_2026-04-19_03-00-01/gansou_db/tags.bson
mongodb_backup_2026-04-19_03-00-01/gansou_db/sections.metadata.json
mongodb_backup_2026-04-19_03-00-01/gansou_db/admins.bson
mongodb_backup_2026-04-19_03-00-01/gansou_db/authidentities.bson
mongodb_backup_2026-04-19_03-00-01/gansou_db/admins.metadata.json
mongodb_backup_2026-04-19_03-00-01/gansou_db/authsecurityaudits.bson
mongodb_backup_2026-04-19_03-00-01/gansou_db/authsessions.bson
mongodb_backup_2026-04-19_03-00-01/gansou_db/tags.bson
mongodb_backup_2026-04-19_03-00-01/gansou_db/sections.metadata.json
mongodb_backup_2026-04-19_03-00-01/gansou_db/admins.bson
mongodb_backup_2026-04-19_03-00-01/gansou_db/authidentities.bson
mongodb_backup_2026-04-19_03-00-01/gansou_db/admins.metadata.json
mongodb_backup_2026-04-19_03-00-01/gansou_db/authsecurityaudits.bson
2026-04-19 03:00:01 [[0;32mSUCCESS[0m] Backup compresse: /root/MaisonGANSOU/backups/mongodb/mongodb_backup_2026-04-19_03-00-01.tar.gz (20K)
2026-04-19 03:00:01 [[0;32mSUCCESS[0m] Backup compresse: /root/MaisonGANSOU/backups/mongodb/mongodb_backup_2026-04-19_03-00-01.tar.gz (20K)
2026-04-19 03:00:01 [[1;33mWARNING[0m] Configuration S3 incomplete. Backup local uniquement.
2026-04-19 03:00:01 [[1;33mWARNING[0m] Configuration S3 incomplete. Backup local uniquement.
2026-04-19 03:00:01 [[1;33mWARNING[0m] Configurez les variables AWS dans /root/MaisonGANSOU/backend/.env
2026-04-19 03:00:01 [[1;33mWARNING[0m] Configurez les variables AWS dans /root/MaisonGANSOU/backend/.env
2026-04-19 03:00:01 [INFO] Nettoyage des anciens backups (> 30 jours)...
2026-04-19 03:00:01 [INFO] Nettoyage des anciens backups (> 30 jours)...
2026-04-19 03:00:01 [INFO] 1 ancien(s) backup(s) supprime(s)
2026-04-19 03:00:01 [INFO] 1 ancien(s) backup(s) supprime(s)
2026-04-19 03:00:01 [INFO] ==========================================
2026-04-19 03:00:01 [INFO] ==========================================
2026-04-19 03:00:01 [[0;32mSUCCESS[0m] Sauvegarde terminee avec succes!
2026-04-19 03:00:01 [[0;32mSUCCESS[0m] Sauvegarde terminee avec succes!
2026-04-19 03:00:01 [INFO] Fichier local: /root/MaisonGANSOU/backups/mongodb/mongodb_backup_2026-04-19_03-00-01.tar.gz
2026-04-19 03:00:01 [INFO] Fichier local: /root/MaisonGANSOU/backups/mongodb/mongodb_backup_2026-04-19_03-00-01.tar.gz
2026-04-19 03:00:01 [INFO] Taille: 20K
2026-04-19 03:00:01 [INFO] Taille: 20K
2026-04-19 03:00:01 [INFO] ==========================================
2026-04-19 03:00:01 [INFO] ==========================================
2026-04-19 03:00:01 [INFO] Backups disponibles:
2026-04-19 03:00:01 [INFO] Backups disponibles:
-rw-r--r-- 1 root root 19K Mar 22 03:00 /root/MaisonGANSOU/backups/mongodb/mongodb_backup_2026-03-22_03-00-01.tar.gz
-rw-r--r-- 1 root root 19K Mar 29 03:00 /root/MaisonGANSOU/backups/mongodb/mongodb_backup_2026-03-29_03-00-01.tar.gz
-rw-r--r-- 1 root root 19K Apr  5 03:00 /root/MaisonGANSOU/backups/mongodb/mongodb_backup_2026-04-05_03-00-01.tar.gz
-rw-r--r-- 1 root root 19K Apr 12 03:00 /root/MaisonGANSOU/backups/mongodb/mongodb_backup_2026-04-12_03-00-01.tar.gz
-rw-r--r-- 1 root root 19K Apr 19 03:00 /root/MaisonGANSOU/backups/mongodb/mongodb_backup_2026-04-19_03-00-01.tar.gz
-rw-r--r-- 1 root root 19K Mar 22 03:00 /root/MaisonGANSOU/backups/mongodb/mongodb_backup_2026-03-22_03-00-01.tar.gz
-rw-r--r-- 1 root root 19K Mar 29 03:00 /root/MaisonGANSOU/backups/mongodb/mongodb_backup_2026-03-29_03-00-01.tar.gz
-rw-r--r-- 1 root root 19K Apr  5 03:00 /root/MaisonGANSOU/backups/mongodb/mongodb_backup_2026-04-05_03-00-01.tar.gz
-rw-r--r-- 1 root root 19K Apr 12 03:00 /root/MaisonGANSOU/backups/mongodb/mongodb_backup_2026-04-12_03-00-01.tar.gz
-rw-r--r-- 1 root root 19K Apr 19 03:00 /root/MaisonGANSOU/backups/mongodb/mongodb_backup_2026-04-19_03-00-01.tar.gz
2026-04-26 03:00:01 [INFO] ==========================================
2026-04-26 03:00:01 [INFO] ==========================================
2026-04-26 03:00:01 [INFO] Demarrage de la sauvegarde MongoDB
2026-04-26 03:00:01 [INFO] Demarrage de la sauvegarde MongoDB
2026-04-26 03:00:01 [INFO] ==========================================
2026-04-26 03:00:01 [INFO] ==========================================
2026-04-26 03:00:01 [INFO] Container MongoDB detecte: maison-mongodb
2026-04-26 03:00:01 [INFO] Container MongoDB detecte: maison-mongodb
2026-04-26 03:00:01 [INFO] Creation du dump MongoDB...
2026-04-26 03:00:01 [INFO] Creation du dump MongoDB...
2026-04-26T03:00:01.471+0000	writing gansou_db.authsecurityaudits to /tmp/mongodb_backup_2026-04-26_03-00-01/gansou_db/authsecurityaudits.bson
2026-04-26T03:00:01.472+0000	writing gansou_db.reservations to /tmp/mongodb_backup_2026-04-26_03-00-01/gansou_db/reservations.bson
2026-04-26T03:00:01.471+0000	writing gansou_db.authsecurityaudits to /tmp/mongodb_backup_2026-04-26_03-00-01/gansou_db/authsecurityaudits.bson
2026-04-26T03:00:01.472+0000	writing gansou_db.reservations to /tmp/mongodb_backup_2026-04-26_03-00-01/gansou_db/reservations.bson
2026-04-26T03:00:01.473+0000	writing gansou_db.authsessions to /tmp/mongodb_backup_2026-04-26_03-00-01/gansou_db/authsessions.bson
2026-04-26T03:00:01.473+0000	writing gansou_db.projects to /tmp/mongodb_backup_2026-04-26_03-00-01/gansou_db/projects.bson
2026-04-26T03:00:01.473+0000	writing gansou_db.authsessions to /tmp/mongodb_backup_2026-04-26_03-00-01/gansou_db/authsessions.bson
2026-04-26T03:00:01.473+0000	writing gansou_db.projects to /tmp/mongodb_backup_2026-04-26_03-00-01/gansou_db/projects.bson
2026-04-26T03:00:01.481+0000	done dumping gansou_db.authsecurityaudits (39 documents)
2026-04-26T03:00:01.481+0000	writing gansou_db.messages to /tmp/mongodb_backup_2026-04-26_03-00-01/gansou_db/messages.bson
2026-04-26T03:00:01.481+0000	done dumping gansou_db.authsecurityaudits (39 documents)
2026-04-26T03:00:01.481+0000	writing gansou_db.messages to /tmp/mongodb_backup_2026-04-26_03-00-01/gansou_db/messages.bson
2026-04-26T03:00:01.483+0000	done dumping gansou_db.authsessions (18 documents)
2026-04-26T03:00:01.483+0000	done dumping gansou_db.authsessions (18 documents)
2026-04-26T03:00:01.484+0000	writing gansou_db.authidentitysecurities to /tmp/mongodb_backup_2026-04-26_03-00-01/gansou_db/authidentitysecurities.bson
2026-04-26T03:00:01.484+0000	writing gansou_db.authidentitysecurities to /tmp/mongodb_backup_2026-04-26_03-00-01/gansou_db/authidentitysecurities.bson
2026-04-26T03:00:01.485+0000	done dumping gansou_db.reservations (25 documents)
2026-04-26T03:00:01.485+0000	writing gansou_db.offers to /tmp/mongodb_backup_2026-04-26_03-00-01/gansou_db/offers.bson
2026-04-26T03:00:01.485+0000	done dumping gansou_db.reservations (25 documents)
2026-04-26T03:00:01.485+0000	writing gansou_db.offers to /tmp/mongodb_backup_2026-04-26_03-00-01/gansou_db/offers.bson
2026-04-26T03:00:01.486+0000	done dumping gansou_db.projects (13 documents)
2026-04-26T03:00:01.486+0000	writing gansou_db.tags to /tmp/mongodb_backup_2026-04-26_03-00-01/gansou_db/tags.bson
2026-04-26T03:00:01.486+0000	done dumping gansou_db.projects (13 documents)
2026-04-26T03:00:01.486+0000	writing gansou_db.tags to /tmp/mongodb_backup_2026-04-26_03-00-01/gansou_db/tags.bson
2026-04-26T03:00:01.489+0000	done dumping gansou_db.tags (3 documents)
2026-04-26T03:00:01.489+0000	writing gansou_db.authidentities to /tmp/mongodb_backup_2026-04-26_03-00-01/gansou_db/authidentities.bson
2026-04-26T03:00:01.489+0000	done dumping gansou_db.tags (3 documents)
2026-04-26T03:00:01.489+0000	writing gansou_db.authidentities to /tmp/mongodb_backup_2026-04-26_03-00-01/gansou_db/authidentities.bson
2026-04-26T03:00:01.490+0000	done dumping gansou_db.messages (11 documents)
2026-04-26T03:00:01.490+0000	writing gansou_db.admins to /tmp/mongodb_backup_2026-04-26_03-00-01/gansou_db/admins.bson
2026-04-26T03:00:01.490+0000	done dumping gansou_db.messages (11 documents)
2026-04-26T03:00:01.490+0000	writing gansou_db.admins to /tmp/mongodb_backup_2026-04-26_03-00-01/gansou_db/admins.bson
2026-04-26T03:00:01.491+0000	done dumping gansou_db.authidentitysecurities (4 documents)
2026-04-26T03:00:01.491+0000	writing gansou_db.mfaconfigs to /tmp/mongodb_backup_2026-04-26_03-00-01/gansou_db/mfaconfigs.bson
2026-04-26T03:00:01.491+0000	done dumping gansou_db.authidentitysecurities (4 documents)
2026-04-26T03:00:01.491+0000	writing gansou_db.mfaconfigs to /tmp/mongodb_backup_2026-04-26_03-00-01/gansou_db/mfaconfigs.bson
2026-04-26T03:00:01.492+0000	done dumping gansou_db.offers (4 documents)
2026-04-26T03:00:01.493+0000	writing gansou_db.articles to /tmp/mongodb_backup_2026-04-26_03-00-01/gansou_db/articles.bson
2026-04-26T03:00:01.492+0000	done dumping gansou_db.offers (4 documents)
2026-04-26T03:00:01.493+0000	writing gansou_db.articles to /tmp/mongodb_backup_2026-04-26_03-00-01/gansou_db/articles.bson
2026-04-26T03:00:01.493+0000	done dumping gansou_db.admins (3 documents)
2026-04-26T03:00:01.493+0000	writing gansou_db.sections to /tmp/mongodb_backup_2026-04-26_03-00-01/gansou_db/sections.bson
2026-04-26T03:00:01.493+0000	done dumping gansou_db.admins (3 documents)
2026-04-26T03:00:01.493+0000	writing gansou_db.sections to /tmp/mongodb_backup_2026-04-26_03-00-01/gansou_db/sections.bson
2026-04-26T03:00:01.494+0000	done dumping gansou_db.mfaconfigs (0 documents)
2026-04-26T03:00:01.494+0000	done dumping gansou_db.mfaconfigs (0 documents)
2026-04-26T03:00:01.494+0000	done dumping gansou_db.authidentities (3 documents)
2026-04-26T03:00:01.494+0000	done dumping gansou_db.authidentities (3 documents)
2026-04-26T03:00:01.495+0000	done dumping gansou_db.sections (0 documents)
2026-04-26T03:00:01.495+0000	done dumping gansou_db.sections (0 documents)
2026-04-26T03:00:01.495+0000	done dumping gansou_db.articles (0 documents)
2026-04-26T03:00:01.495+0000	done dumping gansou_db.articles (0 documents)
2026-04-26 03:00:01 [[0;32mSUCCESS[0m] Dump MongoDB cree avec succes
2026-04-26 03:00:01 [[0;32mSUCCESS[0m] Dump MongoDB cree avec succes
2026-04-26 03:00:01 [INFO] Compression du backup...
2026-04-26 03:00:01 [INFO] Compression du backup...
mongodb_backup_2026-04-26_03-00-01/
mongodb_backup_2026-04-26_03-00-01/gansou_db/
mongodb_backup_2026-04-26_03-00-01/gansou_db/offers.metadata.json
mongodb_backup_2026-04-26_03-00-01/gansou_db/sections.bson
mongodb_backup_2026-04-26_03-00-01/gansou_db/mfaconfigs.bson
mongodb_backup_2026-04-26_03-00-01/gansou_db/authidentitysecurities.metadata.json
mongodb_backup_2026-04-26_03-00-01/gansou_db/projects.bson
mongodb_backup_2026-04-26_03-00-01/gansou_db/projects.metadata.json
mongodb_backup_2026-04-26_03-00-01/gansou_db/reservations.metadata.json
mongodb_backup_2026-04-26_03-00-01/gansou_db/articles.metadata.json
mongodb_backup_2026-04-26_03-00-01/gansou_db/reservations.bson
mongodb_backup_2026-04-26_03-00-01/gansou_db/mfaconfigs.metadata.json
mongodb_backup_2026-04-26_03-00-01/gansou_db/prelude.json
mongodb_backup_2026-04-26_03-00-01/gansou_db/offers.bson
mongodb_backup_2026-04-26_03-00-01/gansou_db/authidentitysecurities.bson
mongodb_backup_2026-04-26_03-00-01/gansou_db/authidentities.metadata.json
mongodb_backup_2026-04-26_03-00-01/gansou_db/tags.metadata.json
mongodb_backup_2026-04-26_03-00-01/gansou_db/articles.bson
mongodb_backup_2026-04-26_03-00-01/gansou_db/messages.metadata.json
mongodb_backup_2026-04-26_03-00-01/gansou_db/messages.bson
mongodb_backup_2026-04-26_03-00-01/gansou_db/authsessions.metadata.json
mongodb_backup_2026-04-26_03-00-01/gansou_db/authsecurityaudits.metadata.json
mongodb_backup_2026-04-26_03-00-01/
mongodb_backup_2026-04-26_03-00-01/gansou_db/
mongodb_backup_2026-04-26_03-00-01/gansou_db/offers.metadata.json
mongodb_backup_2026-04-26_03-00-01/gansou_db/sections.bson
mongodb_backup_2026-04-26_03-00-01/gansou_db/mfaconfigs.bson
mongodb_backup_2026-04-26_03-00-01/gansou_db/authidentitysecurities.metadata.json
mongodb_backup_2026-04-26_03-00-01/gansou_db/projects.bson
mongodb_backup_2026-04-26_03-00-01/gansou_db/projects.metadata.json
mongodb_backup_2026-04-26_03-00-01/gansou_db/reservations.metadata.json
mongodb_backup_2026-04-26_03-00-01/gansou_db/articles.metadata.json
mongodb_backup_2026-04-26_03-00-01/gansou_db/reservations.bson
mongodb_backup_2026-04-26_03-00-01/gansou_db/mfaconfigs.metadata.json
mongodb_backup_2026-04-26_03-00-01/gansou_db/prelude.json
mongodb_backup_2026-04-26_03-00-01/gansou_db/offers.bson
mongodb_backup_2026-04-26_03-00-01/gansou_db/authidentitysecurities.bson
mongodb_backup_2026-04-26_03-00-01/gansou_db/authidentities.metadata.json
mongodb_backup_2026-04-26_03-00-01/gansou_db/tags.metadata.json
mongodb_backup_2026-04-26_03-00-01/gansou_db/articles.bson
mongodb_backup_2026-04-26_03-00-01/gansou_db/messages.metadata.json
mongodb_backup_2026-04-26_03-00-01/gansou_db/messages.bson
mongodb_backup_2026-04-26_03-00-01/gansou_db/authsessions.metadata.json
mongodb_backup_2026-04-26_03-00-01/gansou_db/authsecurityaudits.metadata.json
mongodb_backup_2026-04-26_03-00-01/gansou_db/authsessions.bson
mongodb_backup_2026-04-26_03-00-01/gansou_db/tags.bson
mongodb_backup_2026-04-26_03-00-01/gansou_db/sections.metadata.json
mongodb_backup_2026-04-26_03-00-01/gansou_db/admins.bson
mongodb_backup_2026-04-26_03-00-01/gansou_db/authidentities.bson
mongodb_backup_2026-04-26_03-00-01/gansou_db/admins.metadata.json
mongodb_backup_2026-04-26_03-00-01/gansou_db/authsecurityaudits.bson
mongodb_backup_2026-04-26_03-00-01/gansou_db/authsessions.bson
mongodb_backup_2026-04-26_03-00-01/gansou_db/tags.bson
mongodb_backup_2026-04-26_03-00-01/gansou_db/sections.metadata.json
mongodb_backup_2026-04-26_03-00-01/gansou_db/admins.bson
mongodb_backup_2026-04-26_03-00-01/gansou_db/authidentities.bson
mongodb_backup_2026-04-26_03-00-01/gansou_db/admins.metadata.json
mongodb_backup_2026-04-26_03-00-01/gansou_db/authsecurityaudits.bson
2026-04-26 03:00:01 [[0;32mSUCCESS[0m] Backup compresse: /root/MaisonGANSOU/backups/mongodb/mongodb_backup_2026-04-26_03-00-01.tar.gz (20K)
2026-04-26 03:00:01 [[0;32mSUCCESS[0m] Backup compresse: /root/MaisonGANSOU/backups/mongodb/mongodb_backup_2026-04-26_03-00-01.tar.gz (20K)
2026-04-26 03:00:01 [[1;33mWARNING[0m] Configuration S3 incomplete. Backup local uniquement.
2026-04-26 03:00:01 [[1;33mWARNING[0m] Configuration S3 incomplete. Backup local uniquement.
2026-04-26 03:00:01 [[1;33mWARNING[0m] Configurez les variables AWS dans /root/MaisonGANSOU/backend/.env
2026-04-26 03:00:01 [[1;33mWARNING[0m] Configurez les variables AWS dans /root/MaisonGANSOU/backend/.env
2026-04-26 03:00:01 [INFO] Nettoyage des anciens backups (> 30 jours)...
2026-04-26 03:00:01 [INFO] Nettoyage des anciens backups (> 30 jours)...
2026-04-26 03:00:01 [INFO] 1 ancien(s) backup(s) supprime(s)
2026-04-26 03:00:01 [INFO] 1 ancien(s) backup(s) supprime(s)
2026-04-26 03:00:01 [INFO] ==========================================
2026-04-26 03:00:01 [INFO] ==========================================
2026-04-26 03:00:01 [[0;32mSUCCESS[0m] Sauvegarde terminee avec succes!
2026-04-26 03:00:01 [[0;32mSUCCESS[0m] Sauvegarde terminee avec succes!
2026-04-26 03:00:01 [INFO] Fichier local: /root/MaisonGANSOU/backups/mongodb/mongodb_backup_2026-04-26_03-00-01.tar.gz
2026-04-26 03:00:01 [INFO] Fichier local: /root/MaisonGANSOU/backups/mongodb/mongodb_backup_2026-04-26_03-00-01.tar.gz
2026-04-26 03:00:01 [INFO] Taille: 20K
2026-04-26 03:00:01 [INFO] Taille: 20K
2026-04-26 03:00:01 [INFO] ==========================================
2026-04-26 03:00:01 [INFO] ==========================================
2026-04-26 03:00:01 [INFO] Backups disponibles:
2026-04-26 03:00:01 [INFO] Backups disponibles:
-rw-r--r-- 1 root root 19K Mar 29 03:00 /root/MaisonGANSOU/backups/mongodb/mongodb_backup_2026-03-29_03-00-01.tar.gz
-rw-r--r-- 1 root root 19K Apr  5 03:00 /root/MaisonGANSOU/backups/mongodb/mongodb_backup_2026-04-05_03-00-01.tar.gz
-rw-r--r-- 1 root root 19K Apr 12 03:00 /root/MaisonGANSOU/backups/mongodb/mongodb_backup_2026-04-12_03-00-01.tar.gz
-rw-r--r-- 1 root root 19K Apr 19 03:00 /root/MaisonGANSOU/backups/mongodb/mongodb_backup_2026-04-19_03-00-01.tar.gz
-rw-r--r-- 1 root root 19K Apr 26 03:00 /root/MaisonGANSOU/backups/mongodb/mongodb_backup_2026-04-26_03-00-01.tar.gz
-rw-r--r-- 1 root root 19K Mar 29 03:00 /root/MaisonGANSOU/backups/mongodb/mongodb_backup_2026-03-29_03-00-01.tar.gz
-rw-r--r-- 1 root root 19K Apr  5 03:00 /root/MaisonGANSOU/backups/mongodb/mongodb_backup_2026-04-05_03-00-01.tar.gz
-rw-r--r-- 1 root root 19K Apr 12 03:00 /root/MaisonGANSOU/backups/mongodb/mongodb_backup_2026-04-12_03-00-01.tar.gz
-rw-r--r-- 1 root root 19K Apr 19 03:00 /root/MaisonGANSOU/backups/mongodb/mongodb_backup_2026-04-19_03-00-01.tar.gz
-rw-r--r-- 1 root root 19K Apr 26 03:00 /root/MaisonGANSOU/backups/mongodb/mongodb_backup_2026-04-26_03-00-01.tar.gz
2026-05-03 03:00:01 [INFO] ==========================================
2026-05-03 03:00:01 [INFO] ==========================================
2026-05-03 03:00:01 [INFO] Demarrage de la sauvegarde MongoDB
2026-05-03 03:00:01 [INFO] Demarrage de la sauvegarde MongoDB
2026-05-03 03:00:01 [INFO] ==========================================
2026-05-03 03:00:01 [INFO] ==========================================
2026-05-03 03:00:01 [INFO] Container MongoDB detecte: maison-mongodb
2026-05-03 03:00:01 [INFO] Container MongoDB detecte: maison-mongodb
2026-05-03 03:00:01 [INFO] Creation du dump MongoDB...
2026-05-03 03:00:01 [INFO] Creation du dump MongoDB...
2026-05-03T03:00:01.906+0000	writing gansou_db.authsecurityaudits to /tmp/mongodb_backup_2026-05-03_03-00-01/gansou_db/authsecurityaudits.bson
2026-05-03T03:00:01.908+0000	writing gansou_db.reservations to /tmp/mongodb_backup_2026-05-03_03-00-01/gansou_db/reservations.bson
2026-05-03T03:00:01.908+0000	writing gansou_db.authsessions to /tmp/mongodb_backup_2026-05-03_03-00-01/gansou_db/authsessions.bson
2026-05-03T03:00:01.909+0000	writing gansou_db.projects to /tmp/mongodb_backup_2026-05-03_03-00-01/gansou_db/projects.bson
2026-05-03T03:00:01.906+0000	writing gansou_db.authsecurityaudits to /tmp/mongodb_backup_2026-05-03_03-00-01/gansou_db/authsecurityaudits.bson
2026-05-03T03:00:01.908+0000	writing gansou_db.reservations to /tmp/mongodb_backup_2026-05-03_03-00-01/gansou_db/reservations.bson
2026-05-03T03:00:01.908+0000	writing gansou_db.authsessions to /tmp/mongodb_backup_2026-05-03_03-00-01/gansou_db/authsessions.bson
2026-05-03T03:00:01.909+0000	writing gansou_db.projects to /tmp/mongodb_backup_2026-05-03_03-00-01/gansou_db/projects.bson
2026-05-03T03:00:01.913+0000	done dumping gansou_db.authsecurityaudits (39 documents)
2026-05-03T03:00:01.913+0000	writing gansou_db.messages to /tmp/mongodb_backup_2026-05-03_03-00-01/gansou_db/messages.bson
2026-05-03T03:00:01.913+0000	done dumping gansou_db.authsecurityaudits (39 documents)
2026-05-03T03:00:01.913+0000	writing gansou_db.messages to /tmp/mongodb_backup_2026-05-03_03-00-01/gansou_db/messages.bson
2026-05-03T03:00:01.915+0000	done dumping gansou_db.reservations (25 documents)
2026-05-03T03:00:01.915+0000	writing gansou_db.authidentitysecurities to /tmp/mongodb_backup_2026-05-03_03-00-01/gansou_db/authidentitysecurities.bson
2026-05-03T03:00:01.915+0000	done dumping gansou_db.reservations (25 documents)
2026-05-03T03:00:01.915+0000	writing gansou_db.authidentitysecurities to /tmp/mongodb_backup_2026-05-03_03-00-01/gansou_db/authidentitysecurities.bson
2026-05-03T03:00:01.916+0000	done dumping gansou_db.authsessions (18 documents)
2026-05-03T03:00:01.916+0000	writing gansou_db.offers to /tmp/mongodb_backup_2026-05-03_03-00-01/gansou_db/offers.bson
2026-05-03T03:00:01.916+0000	done dumping gansou_db.authsessions (18 documents)
2026-05-03T03:00:01.916+0000	writing gansou_db.offers to /tmp/mongodb_backup_2026-05-03_03-00-01/gansou_db/offers.bson
2026-05-03T03:00:01.920+0000	done dumping gansou_db.projects (13 documents)
2026-05-03T03:00:01.920+0000	done dumping gansou_db.projects (13 documents)
2026-05-03T03:00:01.920+0000	writing gansou_db.tags to /tmp/mongodb_backup_2026-05-03_03-00-01/gansou_db/tags.bson
2026-05-03T03:00:01.920+0000	writing gansou_db.tags to /tmp/mongodb_backup_2026-05-03_03-00-01/gansou_db/tags.bson
2026-05-03T03:00:01.921+0000	done dumping gansou_db.offers (4 documents)
2026-05-03T03:00:01.921+0000	done dumping gansou_db.offers (4 documents)
2026-05-03T03:00:01.922+0000	writing gansou_db.authidentities to /tmp/mongodb_backup_2026-05-03_03-00-01/gansou_db/authidentities.bson
2026-05-03T03:00:01.922+0000	writing gansou_db.authidentities to /tmp/mongodb_backup_2026-05-03_03-00-01/gansou_db/authidentities.bson
2026-05-03T03:00:01.923+0000	done dumping gansou_db.messages (11 documents)
2026-05-03T03:00:01.923+0000	writing gansou_db.admins to /tmp/mongodb_backup_2026-05-03_03-00-01/gansou_db/admins.bson
2026-05-03T03:00:01.923+0000	done dumping gansou_db.messages (11 documents)
2026-05-03T03:00:01.923+0000	writing gansou_db.admins to /tmp/mongodb_backup_2026-05-03_03-00-01/gansou_db/admins.bson
2026-05-03T03:00:01.923+0000	done dumping gansou_db.authidentitysecurities (4 documents)
2026-05-03T03:00:01.923+0000	done dumping gansou_db.authidentitysecurities (4 documents)
2026-05-03T03:00:01.923+0000	writing gansou_db.mfaconfigs to /tmp/mongodb_backup_2026-05-03_03-00-01/gansou_db/mfaconfigs.bson
2026-05-03T03:00:01.923+0000	writing gansou_db.mfaconfigs to /tmp/mongodb_backup_2026-05-03_03-00-01/gansou_db/mfaconfigs.bson
2026-05-03T03:00:01.925+0000	done dumping gansou_db.authidentities (3 documents)
2026-05-03T03:00:01.925+0000	writing gansou_db.articles to /tmp/mongodb_backup_2026-05-03_03-00-01/gansou_db/articles.bson
2026-05-03T03:00:01.925+0000	done dumping gansou_db.authidentities (3 documents)
2026-05-03T03:00:01.925+0000	writing gansou_db.articles to /tmp/mongodb_backup_2026-05-03_03-00-01/gansou_db/articles.bson
2026-05-03T03:00:01.926+0000	done dumping gansou_db.tags (3 documents)
2026-05-03T03:00:01.926+0000	done dumping gansou_db.tags (3 documents)
2026-05-03T03:00:01.926+0000	writing gansou_db.sections to /tmp/mongodb_backup_2026-05-03_03-00-01/gansou_db/sections.bson
2026-05-03T03:00:01.926+0000	writing gansou_db.sections to /tmp/mongodb_backup_2026-05-03_03-00-01/gansou_db/sections.bson
2026-05-03T03:00:01.927+0000	done dumping gansou_db.mfaconfigs (0 documents)
2026-05-03T03:00:01.927+0000	done dumping gansou_db.mfaconfigs (0 documents)
2026-05-03T03:00:01.927+0000	done dumping gansou_db.admins (3 documents)
2026-05-03T03:00:01.927+0000	done dumping gansou_db.admins (3 documents)
2026-05-03T03:00:01.927+0000	done dumping gansou_db.sections (0 documents)
2026-05-03T03:00:01.927+0000	done dumping gansou_db.sections (0 documents)
2026-05-03T03:00:01.928+0000	done dumping gansou_db.articles (0 documents)
2026-05-03T03:00:01.928+0000	done dumping gansou_db.articles (0 documents)
2026-05-03 03:00:02 [[0;32mSUCCESS[0m] Dump MongoDB cree avec succes
2026-05-03 03:00:02 [[0;32mSUCCESS[0m] Dump MongoDB cree avec succes
2026-05-03 03:00:02 [INFO] Compression du backup...
2026-05-03 03:00:02 [INFO] Compression du backup...
mongodb_backup_2026-05-03_03-00-01/
mongodb_backup_2026-05-03_03-00-01/gansou_db/
mongodb_backup_2026-05-03_03-00-01/gansou_db/offers.metadata.json
mongodb_backup_2026-05-03_03-00-01/gansou_db/sections.bson
mongodb_backup_2026-05-03_03-00-01/gansou_db/mfaconfigs.bson
mongodb_backup_2026-05-03_03-00-01/gansou_db/authidentitysecurities.metadata.json
mongodb_backup_2026-05-03_03-00-01/gansou_db/projects.bson
mongodb_backup_2026-05-03_03-00-01/gansou_db/projects.metadata.json
mongodb_backup_2026-05-03_03-00-01/gansou_db/reservations.metadata.json
mongodb_backup_2026-05-03_03-00-01/gansou_db/articles.metadata.json
mongodb_backup_2026-05-03_03-00-01/gansou_db/reservations.bson
mongodb_backup_2026-05-03_03-00-01/gansou_db/mfaconfigs.metadata.json
mongodb_backup_2026-05-03_03-00-01/gansou_db/prelude.json
mongodb_backup_2026-05-03_03-00-01/gansou_db/offers.bson
mongodb_backup_2026-05-03_03-00-01/gansou_db/authidentitysecurities.bson
mongodb_backup_2026-05-03_03-00-01/gansou_db/authidentities.metadata.json
mongodb_backup_2026-05-03_03-00-01/gansou_db/tags.metadata.json
mongodb_backup_2026-05-03_03-00-01/gansou_db/articles.bson
mongodb_backup_2026-05-03_03-00-01/gansou_db/messages.metadata.json
mongodb_backup_2026-05-03_03-00-01/gansou_db/messages.bson
mongodb_backup_2026-05-03_03-00-01/gansou_db/authsessions.metadata.json
mongodb_backup_2026-05-03_03-00-01/gansou_db/authsecurityaudits.metadata.json
mongodb_backup_2026-05-03_03-00-01/
mongodb_backup_2026-05-03_03-00-01/gansou_db/
mongodb_backup_2026-05-03_03-00-01/gansou_db/offers.metadata.json
mongodb_backup_2026-05-03_03-00-01/gansou_db/sections.bson
mongodb_backup_2026-05-03_03-00-01/gansou_db/mfaconfigs.bson
mongodb_backup_2026-05-03_03-00-01/gansou_db/authidentitysecurities.metadata.json
mongodb_backup_2026-05-03_03-00-01/gansou_db/projects.bson
mongodb_backup_2026-05-03_03-00-01/gansou_db/projects.metadata.json
mongodb_backup_2026-05-03_03-00-01/gansou_db/reservations.metadata.json
mongodb_backup_2026-05-03_03-00-01/gansou_db/articles.metadata.json
mongodb_backup_2026-05-03_03-00-01/gansou_db/reservations.bson
mongodb_backup_2026-05-03_03-00-01/gansou_db/mfaconfigs.metadata.json
mongodb_backup_2026-05-03_03-00-01/gansou_db/prelude.json
mongodb_backup_2026-05-03_03-00-01/gansou_db/offers.bson
mongodb_backup_2026-05-03_03-00-01/gansou_db/authidentitysecurities.bson
mongodb_backup_2026-05-03_03-00-01/gansou_db/authidentities.metadata.json
mongodb_backup_2026-05-03_03-00-01/gansou_db/tags.metadata.json
mongodb_backup_2026-05-03_03-00-01/gansou_db/articles.bson
mongodb_backup_2026-05-03_03-00-01/gansou_db/messages.metadata.json
mongodb_backup_2026-05-03_03-00-01/gansou_db/messages.bson
mongodb_backup_2026-05-03_03-00-01/gansou_db/authsessions.metadata.json
mongodb_backup_2026-05-03_03-00-01/gansou_db/authsecurityaudits.metadata.json
mongodb_backup_2026-05-03_03-00-01/gansou_db/authsessions.bson
mongodb_backup_2026-05-03_03-00-01/gansou_db/tags.bson
mongodb_backup_2026-05-03_03-00-01/gansou_db/sections.metadata.json
mongodb_backup_2026-05-03_03-00-01/gansou_db/admins.bson
mongodb_backup_2026-05-03_03-00-01/gansou_db/authidentities.bson
mongodb_backup_2026-05-03_03-00-01/gansou_db/admins.metadata.json
mongodb_backup_2026-05-03_03-00-01/gansou_db/authsecurityaudits.bson
mongodb_backup_2026-05-03_03-00-01/gansou_db/authsessions.bson
mongodb_backup_2026-05-03_03-00-01/gansou_db/tags.bson
mongodb_backup_2026-05-03_03-00-01/gansou_db/sections.metadata.json
mongodb_backup_2026-05-03_03-00-01/gansou_db/admins.bson
mongodb_backup_2026-05-03_03-00-01/gansou_db/authidentities.bson
mongodb_backup_2026-05-03_03-00-01/gansou_db/admins.metadata.json
mongodb_backup_2026-05-03_03-00-01/gansou_db/authsecurityaudits.bson
2026-05-03 03:00:02 [[0;32mSUCCESS[0m] Backup compresse: /root/MaisonGANSOU/backups/mongodb/mongodb_backup_2026-05-03_03-00-01.tar.gz (20K)
2026-05-03 03:00:02 [[0;32mSUCCESS[0m] Backup compresse: /root/MaisonGANSOU/backups/mongodb/mongodb_backup_2026-05-03_03-00-01.tar.gz (20K)
2026-05-03 03:00:02 [[1;33mWARNING[0m] Configuration S3 incomplete. Backup local uniquement.
2026-05-03 03:00:02 [[1;33mWARNING[0m] Configuration S3 incomplete. Backup local uniquement.
2026-05-03 03:00:02 [[1;33mWARNING[0m] Configurez les variables AWS dans /root/MaisonGANSOU/backend/.env
2026-05-03 03:00:02 [[1;33mWARNING[0m] Configurez les variables AWS dans /root/MaisonGANSOU/backend/.env
2026-05-03 03:00:02 [INFO] Nettoyage des anciens backups (> 30 jours)...
2026-05-03 03:00:02 [INFO] Nettoyage des anciens backups (> 30 jours)...
2026-05-03 03:00:02 [INFO] 1 ancien(s) backup(s) supprime(s)
2026-05-03 03:00:02 [INFO] 1 ancien(s) backup(s) supprime(s)
2026-05-03 03:00:02 [INFO] ==========================================
2026-05-03 03:00:02 [INFO] ==========================================
2026-05-03 03:00:02 [[0;32mSUCCESS[0m] Sauvegarde terminee avec succes!
2026-05-03 03:00:02 [[0;32mSUCCESS[0m] Sauvegarde terminee avec succes!
2026-05-03 03:00:02 [INFO] Fichier local: /root/MaisonGANSOU/backups/mongodb/mongodb_backup_2026-05-03_03-00-01.tar.gz
2026-05-03 03:00:02 [INFO] Fichier local: /root/MaisonGANSOU/backups/mongodb/mongodb_backup_2026-05-03_03-00-01.tar.gz
2026-05-03 03:00:02 [INFO] Taille: 20K
2026-05-03 03:00:02 [INFO] Taille: 20K
2026-05-03 03:00:02 [INFO] ==========================================
2026-05-03 03:00:02 [INFO] ==========================================
2026-05-03 03:00:02 [INFO] Backups disponibles:
2026-05-03 03:00:02 [INFO] Backups disponibles:
-rw-r--r-- 1 root root 19K Apr  5 03:00 /root/MaisonGANSOU/backups/mongodb/mongodb_backup_2026-04-05_03-00-01.tar.gz
-rw-r--r-- 1 root root 19K Apr 12 03:00 /root/MaisonGANSOU/backups/mongodb/mongodb_backup_2026-04-12_03-00-01.tar.gz
-rw-r--r-- 1 root root 19K Apr 19 03:00 /root/MaisonGANSOU/backups/mongodb/mongodb_backup_2026-04-19_03-00-01.tar.gz
-rw-r--r-- 1 root root 19K Apr 26 03:00 /root/MaisonGANSOU/backups/mongodb/mongodb_backup_2026-04-26_03-00-01.tar.gz
-rw-r--r-- 1 root root 19K May  3 03:00 /root/MaisonGANSOU/backups/mongodb/mongodb_backup_2026-05-03_03-00-01.tar.gz
-rw-r--r-- 1 root root 19K Apr  5 03:00 /root/MaisonGANSOU/backups/mongodb/mongodb_backup_2026-04-05_03-00-01.tar.gz
-rw-r--r-- 1 root root 19K Apr 12 03:00 /root/MaisonGANSOU/backups/mongodb/mongodb_backup_2026-04-12_03-00-01.tar.gz
-rw-r--r-- 1 root root 19K Apr 19 03:00 /root/MaisonGANSOU/backups/mongodb/mongodb_backup_2026-04-19_03-00-01.tar.gz
-rw-r--r-- 1 root root 19K Apr 26 03:00 /root/MaisonGANSOU/backups/mongodb/mongodb_backup_2026-04-26_03-00-01.tar.gz
-rw-r--r-- 1 root root 19K May  3 03:00 /root/MaisonGANSOU/backups/mongodb/mongodb_backup_2026-05-03_03-00-01.tar.gz
2026-05-10 03:00:01 [INFO] ==========================================
2026-05-10 03:00:01 [INFO] ==========================================
2026-05-10 03:00:01 [INFO] Demarrage de la sauvegarde MongoDB
2026-05-10 03:00:01 [INFO] Demarrage de la sauvegarde MongoDB
2026-05-10 03:00:01 [INFO] ==========================================
2026-05-10 03:00:01 [INFO] ==========================================
2026-05-10 03:00:01 [INFO] Container MongoDB detecte: maison-mongodb
2026-05-10 03:00:01 [INFO] Container MongoDB detecte: maison-mongodb
2026-05-10 03:00:01 [INFO] Creation du dump MongoDB...
2026-05-10 03:00:01 [INFO] Creation du dump MongoDB...
2026-05-10T03:00:01.624+0000	writing gansou_db.authsecurityaudits to /tmp/mongodb_backup_2026-05-10_03-00-01/gansou_db/authsecurityaudits.bson
2026-05-10T03:00:01.625+0000	writing gansou_db.reservations to /tmp/mongodb_backup_2026-05-10_03-00-01/gansou_db/reservations.bson
2026-05-10T03:00:01.624+0000	writing gansou_db.authsecurityaudits to /tmp/mongodb_backup_2026-05-10_03-00-01/gansou_db/authsecurityaudits.bson
2026-05-10T03:00:01.625+0000	writing gansou_db.reservations to /tmp/mongodb_backup_2026-05-10_03-00-01/gansou_db/reservations.bson
2026-05-10T03:00:01.625+0000	writing gansou_db.authsessions to /tmp/mongodb_backup_2026-05-10_03-00-01/gansou_db/authsessions.bson
2026-05-10T03:00:01.625+0000	writing gansou_db.authsessions to /tmp/mongodb_backup_2026-05-10_03-00-01/gansou_db/authsessions.bson
2026-05-10T03:00:01.625+0000	writing gansou_db.projects to /tmp/mongodb_backup_2026-05-10_03-00-01/gansou_db/projects.bson
2026-05-10T03:00:01.625+0000	writing gansou_db.projects to /tmp/mongodb_backup_2026-05-10_03-00-01/gansou_db/projects.bson
2026-05-10T03:00:01.631+0000	done dumping gansou_db.reservations (25 documents)
2026-05-10T03:00:01.631+0000	writing gansou_db.messages to /tmp/mongodb_backup_2026-05-10_03-00-01/gansou_db/messages.bson
2026-05-10T03:00:01.631+0000	done dumping gansou_db.reservations (25 documents)
2026-05-10T03:00:01.631+0000	writing gansou_db.messages to /tmp/mongodb_backup_2026-05-10_03-00-01/gansou_db/messages.bson
2026-05-10T03:00:01.632+0000	done dumping gansou_db.authsessions (18 documents)
2026-05-10T03:00:01.632+0000	done dumping gansou_db.authsessions (18 documents)
2026-05-10T03:00:01.632+0000	writing gansou_db.authidentitysecurities to /tmp/mongodb_backup_2026-05-10_03-00-01/gansou_db/authidentitysecurities.bson
2026-05-10T03:00:01.632+0000	writing gansou_db.authidentitysecurities to /tmp/mongodb_backup_2026-05-10_03-00-01/gansou_db/authidentitysecurities.bson
2026-05-10T03:00:01.635+0000	done dumping gansou_db.projects (13 documents)
2026-05-10T03:00:01.635+0000	writing gansou_db.offers to /tmp/mongodb_backup_2026-05-10_03-00-01/gansou_db/offers.bson
2026-05-10T03:00:01.635+0000	done dumping gansou_db.projects (13 documents)
2026-05-10T03:00:01.635+0000	writing gansou_db.offers to /tmp/mongodb_backup_2026-05-10_03-00-01/gansou_db/offers.bson
2026-05-10T03:00:01.635+0000	done dumping gansou_db.authidentitysecurities (4 documents)
2026-05-10T03:00:01.635+0000	writing gansou_db.tags to /tmp/mongodb_backup_2026-05-10_03-00-01/gansou_db/tags.bson
2026-05-10T03:00:01.635+0000	done dumping gansou_db.authidentitysecurities (4 documents)
2026-05-10T03:00:01.635+0000	writing gansou_db.tags to /tmp/mongodb_backup_2026-05-10_03-00-01/gansou_db/tags.bson
2026-05-10T03:00:01.637+0000	done dumping gansou_db.authsecurityaudits (39 documents)
2026-05-10T03:00:01.637+0000	done dumping gansou_db.authsecurityaudits (39 documents)
2026-05-10T03:00:01.638+0000	writing gansou_db.authidentities to /tmp/mongodb_backup_2026-05-10_03-00-01/gansou_db/authidentities.bson
2026-05-10T03:00:01.638+0000	writing gansou_db.authidentities to /tmp/mongodb_backup_2026-05-10_03-00-01/gansou_db/authidentities.bson
2026-05-10T03:00:01.638+0000	done dumping gansou_db.offers (4 documents)
2026-05-10T03:00:01.638+0000	done dumping gansou_db.offers (4 documents)
2026-05-10T03:00:01.638+0000	writing gansou_db.admins to /tmp/mongodb_backup_2026-05-10_03-00-01/gansou_db/admins.bson
2026-05-10T03:00:01.638+0000	writing gansou_db.admins to /tmp/mongodb_backup_2026-05-10_03-00-01/gansou_db/admins.bson
2026-05-10T03:00:01.639+0000	done dumping gansou_db.messages (11 documents)
2026-05-10T03:00:01.639+0000	writing gansou_db.mfaconfigs to /tmp/mongodb_backup_2026-05-10_03-00-01/gansou_db/mfaconfigs.bson
2026-05-10T03:00:01.639+0000	done dumping gansou_db.messages (11 documents)
2026-05-10T03:00:01.639+0000	writing gansou_db.mfaconfigs to /tmp/mongodb_backup_2026-05-10_03-00-01/gansou_db/mfaconfigs.bson
2026-05-10T03:00:01.639+0000	done dumping gansou_db.tags (3 documents)
2026-05-10T03:00:01.639+0000	writing gansou_db.articles to /tmp/mongodb_backup_2026-05-10_03-00-01/gansou_db/articles.bson
2026-05-10T03:00:01.639+0000	done dumping gansou_db.tags (3 documents)
2026-05-10T03:00:01.639+0000	writing gansou_db.articles to /tmp/mongodb_backup_2026-05-10_03-00-01/gansou_db/articles.bson
2026-05-10T03:00:01.641+0000	done dumping gansou_db.mfaconfigs (0 documents)
2026-05-10T03:00:01.641+0000	writing gansou_db.sections to /tmp/mongodb_backup_2026-05-10_03-00-01/gansou_db/sections.bson
2026-05-10T03:00:01.641+0000	done dumping gansou_db.mfaconfigs (0 documents)
2026-05-10T03:00:01.641+0000	writing gansou_db.sections to /tmp/mongodb_backup_2026-05-10_03-00-01/gansou_db/sections.bson
2026-05-10T03:00:01.641+0000	done dumping gansou_db.authidentities (3 documents)
2026-05-10T03:00:01.641+0000	done dumping gansou_db.authidentities (3 documents)
2026-05-10T03:00:01.643+0000	done dumping gansou_db.admins (3 documents)
2026-05-10T03:00:01.643+0000	done dumping gansou_db.admins (3 documents)
2026-05-10T03:00:01.644+0000	done dumping gansou_db.sections (0 documents)
2026-05-10T03:00:01.644+0000	done dumping gansou_db.sections (0 documents)
2026-05-10T03:00:01.644+0000	done dumping gansou_db.articles (0 documents)
2026-05-10T03:00:01.644+0000	done dumping gansou_db.articles (0 documents)
2026-05-10 03:00:01 [[0;32mSUCCESS[0m] Dump MongoDB cree avec succes
2026-05-10 03:00:01 [[0;32mSUCCESS[0m] Dump MongoDB cree avec succes
2026-05-10 03:00:01 [INFO] Compression du backup...
2026-05-10 03:00:01 [INFO] Compression du backup...
mongodb_backup_2026-05-10_03-00-01/
mongodb_backup_2026-05-10_03-00-01/
mongodb_backup_2026-05-10_03-00-01/gansou_db/
mongodb_backup_2026-05-10_03-00-01/gansou_db/offers.metadata.json
mongodb_backup_2026-05-10_03-00-01/gansou_db/sections.bson
mongodb_backup_2026-05-10_03-00-01/gansou_db/mfaconfigs.bson
mongodb_backup_2026-05-10_03-00-01/gansou_db/authidentitysecurities.metadata.json
mongodb_backup_2026-05-10_03-00-01/gansou_db/projects.bson
mongodb_backup_2026-05-10_03-00-01/gansou_db/projects.metadata.json
mongodb_backup_2026-05-10_03-00-01/gansou_db/reservations.metadata.json
mongodb_backup_2026-05-10_03-00-01/gansou_db/articles.metadata.json
mongodb_backup_2026-05-10_03-00-01/gansou_db/reservations.bson
mongodb_backup_2026-05-10_03-00-01/gansou_db/mfaconfigs.metadata.json
mongodb_backup_2026-05-10_03-00-01/gansou_db/prelude.json
mongodb_backup_2026-05-10_03-00-01/gansou_db/offers.bson
mongodb_backup_2026-05-10_03-00-01/gansou_db/authidentitysecurities.bson
mongodb_backup_2026-05-10_03-00-01/gansou_db/authidentities.metadata.json
mongodb_backup_2026-05-10_03-00-01/gansou_db/tags.metadata.json
mongodb_backup_2026-05-10_03-00-01/gansou_db/articles.bson
mongodb_backup_2026-05-10_03-00-01/gansou_db/messages.metadata.json
mongodb_backup_2026-05-10_03-00-01/gansou_db/messages.bson
mongodb_backup_2026-05-10_03-00-01/gansou_db/authsessions.metadata.json
mongodb_backup_2026-05-10_03-00-01/gansou_db/authsecurityaudits.metadata.json
mongodb_backup_2026-05-10_03-00-01/gansou_db/
mongodb_backup_2026-05-10_03-00-01/gansou_db/offers.metadata.json
mongodb_backup_2026-05-10_03-00-01/gansou_db/sections.bson
mongodb_backup_2026-05-10_03-00-01/gansou_db/mfaconfigs.bson
mongodb_backup_2026-05-10_03-00-01/gansou_db/authidentitysecurities.metadata.json
mongodb_backup_2026-05-10_03-00-01/gansou_db/projects.bson
mongodb_backup_2026-05-10_03-00-01/gansou_db/projects.metadata.json
mongodb_backup_2026-05-10_03-00-01/gansou_db/reservations.metadata.json
mongodb_backup_2026-05-10_03-00-01/gansou_db/articles.metadata.json
mongodb_backup_2026-05-10_03-00-01/gansou_db/reservations.bson
mongodb_backup_2026-05-10_03-00-01/gansou_db/mfaconfigs.metadata.json
mongodb_backup_2026-05-10_03-00-01/gansou_db/prelude.json
mongodb_backup_2026-05-10_03-00-01/gansou_db/offers.bson
mongodb_backup_2026-05-10_03-00-01/gansou_db/authidentitysecurities.bson
mongodb_backup_2026-05-10_03-00-01/gansou_db/authidentities.metadata.json
mongodb_backup_2026-05-10_03-00-01/gansou_db/tags.metadata.json
mongodb_backup_2026-05-10_03-00-01/gansou_db/articles.bson
mongodb_backup_2026-05-10_03-00-01/gansou_db/messages.metadata.json
mongodb_backup_2026-05-10_03-00-01/gansou_db/messages.bson
mongodb_backup_2026-05-10_03-00-01/gansou_db/authsessions.metadata.json
mongodb_backup_2026-05-10_03-00-01/gansou_db/authsecurityaudits.metadata.json
mongodb_backup_2026-05-10_03-00-01/gansou_db/authsessions.bson
mongodb_backup_2026-05-10_03-00-01/gansou_db/tags.bson
mongodb_backup_2026-05-10_03-00-01/gansou_db/sections.metadata.json
mongodb_backup_2026-05-10_03-00-01/gansou_db/admins.bson
mongodb_backup_2026-05-10_03-00-01/gansou_db/authidentities.bson
mongodb_backup_2026-05-10_03-00-01/gansou_db/admins.metadata.json
mongodb_backup_2026-05-10_03-00-01/gansou_db/authsecurityaudits.bson
mongodb_backup_2026-05-10_03-00-01/gansou_db/authsessions.bson
mongodb_backup_2026-05-10_03-00-01/gansou_db/tags.bson
mongodb_backup_2026-05-10_03-00-01/gansou_db/sections.metadata.json
mongodb_backup_2026-05-10_03-00-01/gansou_db/admins.bson
mongodb_backup_2026-05-10_03-00-01/gansou_db/authidentities.bson
mongodb_backup_2026-05-10_03-00-01/gansou_db/admins.metadata.json
mongodb_backup_2026-05-10_03-00-01/gansou_db/authsecurityaudits.bson
2026-05-10 03:00:01 [[0;32mSUCCESS[0m] Backup compresse: /root/MaisonGANSOU/backups/mongodb/mongodb_backup_2026-05-10_03-00-01.tar.gz (20K)
2026-05-10 03:00:01 [[0;32mSUCCESS[0m] Backup compresse: /root/MaisonGANSOU/backups/mongodb/mongodb_backup_2026-05-10_03-00-01.tar.gz (20K)
2026-05-10 03:00:01 [[1;33mWARNING[0m] Configuration S3 incomplete. Backup local uniquement.
2026-05-10 03:00:01 [[1;33mWARNING[0m] Configuration S3 incomplete. Backup local uniquement.
2026-05-10 03:00:01 [[1;33mWARNING[0m] Configurez les variables AWS dans /root/MaisonGANSOU/backend/.env
2026-05-10 03:00:01 [[1;33mWARNING[0m] Configurez les variables AWS dans /root/MaisonGANSOU/backend/.env
2026-05-10 03:00:01 [INFO] Nettoyage des anciens backups (> 30 jours)...
2026-05-10 03:00:01 [INFO] Nettoyage des anciens backups (> 30 jours)...
2026-05-10 03:00:01 [INFO] 1 ancien(s) backup(s) supprime(s)
2026-05-10 03:00:01 [INFO] 1 ancien(s) backup(s) supprime(s)
2026-05-10 03:00:01 [INFO] ==========================================
2026-05-10 03:00:01 [INFO] ==========================================
2026-05-10 03:00:01 [[0;32mSUCCESS[0m] Sauvegarde terminee avec succes!
2026-05-10 03:00:01 [[0;32mSUCCESS[0m] Sauvegarde terminee avec succes!
2026-05-10 03:00:01 [INFO] Fichier local: /root/MaisonGANSOU/backups/mongodb/mongodb_backup_2026-05-10_03-00-01.tar.gz
2026-05-10 03:00:01 [INFO] Fichier local: /root/MaisonGANSOU/backups/mongodb/mongodb_backup_2026-05-10_03-00-01.tar.gz
2026-05-10 03:00:01 [INFO] Taille: 20K
2026-05-10 03:00:01 [INFO] Taille: 20K
2026-05-10 03:00:01 [INFO] ==========================================
2026-05-10 03:00:01 [INFO] ==========================================
2026-05-10 03:00:01 [INFO] Backups disponibles:
2026-05-10 03:00:01 [INFO] Backups disponibles:
-rw-r--r-- 1 root root 19K Apr 12 03:00 /root/MaisonGANSOU/backups/mongodb/mongodb_backup_2026-04-12_03-00-01.tar.gz
-rw-r--r-- 1 root root 19K Apr 19 03:00 /root/MaisonGANSOU/backups/mongodb/mongodb_backup_2026-04-19_03-00-01.tar.gz
-rw-r--r-- 1 root root 19K Apr 26 03:00 /root/MaisonGANSOU/backups/mongodb/mongodb_backup_2026-04-26_03-00-01.tar.gz
-rw-r--r-- 1 root root 19K May  3 03:00 /root/MaisonGANSOU/backups/mongodb/mongodb_backup_2026-05-03_03-00-01.tar.gz
-rw-r--r-- 1 root root 19K May 10 03:00 /root/MaisonGANSOU/backups/mongodb/mongodb_backup_2026-05-10_03-00-01.tar.gz
-rw-r--r-- 1 root root 19K Apr 12 03:00 /root/MaisonGANSOU/backups/mongodb/mongodb_backup_2026-04-12_03-00-01.tar.gz
-rw-r--r-- 1 root root 19K Apr 19 03:00 /root/MaisonGANSOU/backups/mongodb/mongodb_backup_2026-04-19_03-00-01.tar.gz
-rw-r--r-- 1 root root 19K Apr 26 03:00 /root/MaisonGANSOU/backups/mongodb/mongodb_backup_2026-04-26_03-00-01.tar.gz
-rw-r--r-- 1 root root 19K May  3 03:00 /root/MaisonGANSOU/backups/mongodb/mongodb_backup_2026-05-03_03-00-01.tar.gz
-rw-r--r-- 1 root root 19K May 10 03:00 /root/MaisonGANSOU/backups/mongodb/mongodb_backup_2026-05-10_03-00-01.tar.gz
2026-05-17 03:00:01 [INFO] ==========================================
2026-05-17 03:00:01 [INFO] ==========================================
2026-05-17 03:00:01 [INFO] Demarrage de la sauvegarde MongoDB
2026-05-17 03:00:01 [INFO] Demarrage de la sauvegarde MongoDB
2026-05-17 03:00:01 [INFO] ==========================================
2026-05-17 03:00:01 [INFO] ==========================================
2026-05-17 03:00:01 [INFO] Container MongoDB detecte: maison-mongodb
2026-05-17 03:00:01 [INFO] Container MongoDB detecte: maison-mongodb
2026-05-17 03:00:01 [INFO] Creation du dump MongoDB...
2026-05-17 03:00:01 [INFO] Creation du dump MongoDB...
2026-05-17T03:00:02.058+0000	writing gansou_db.reservations to /tmp/mongodb_backup_2026-05-17_03-00-01/gansou_db/reservations.bson
2026-05-17T03:00:02.058+0000	writing gansou_db.reservations to /tmp/mongodb_backup_2026-05-17_03-00-01/gansou_db/reservations.bson
2026-05-17T03:00:02.060+0000	writing gansou_db.authsecurityaudits to /tmp/mongodb_backup_2026-05-17_03-00-01/gansou_db/authsecurityaudits.bson
2026-05-17T03:00:02.060+0000	writing gansou_db.authsecurityaudits to /tmp/mongodb_backup_2026-05-17_03-00-01/gansou_db/authsecurityaudits.bson
2026-05-17T03:00:02.061+0000	writing gansou_db.authsessions to /tmp/mongodb_backup_2026-05-17_03-00-01/gansou_db/authsessions.bson
2026-05-17T03:00:02.061+0000	writing gansou_db.authsessions to /tmp/mongodb_backup_2026-05-17_03-00-01/gansou_db/authsessions.bson
2026-05-17T03:00:02.062+0000	writing gansou_db.projects to /tmp/mongodb_backup_2026-05-17_03-00-01/gansou_db/projects.bson
2026-05-17T03:00:02.062+0000	writing gansou_db.projects to /tmp/mongodb_backup_2026-05-17_03-00-01/gansou_db/projects.bson
2026-05-17T03:00:02.065+0000	done dumping gansou_db.authsecurityaudits (41 documents)
2026-05-17T03:00:02.065+0000	writing gansou_db.messages to /tmp/mongodb_backup_2026-05-17_03-00-01/gansou_db/messages.bson
2026-05-17T03:00:02.065+0000	done dumping gansou_db.authsecurityaudits (41 documents)
2026-05-17T03:00:02.065+0000	writing gansou_db.messages to /tmp/mongodb_backup_2026-05-17_03-00-01/gansou_db/messages.bson
2026-05-17T03:00:02.067+0000	done dumping gansou_db.reservations (25 documents)
2026-05-17T03:00:02.067+0000	writing gansou_db.authidentitysecurities to /tmp/mongodb_backup_2026-05-17_03-00-01/gansou_db/authidentitysecurities.bson
2026-05-17T03:00:02.067+0000	done dumping gansou_db.reservations (25 documents)
2026-05-17T03:00:02.067+0000	writing gansou_db.authidentitysecurities to /tmp/mongodb_backup_2026-05-17_03-00-01/gansou_db/authidentitysecurities.bson
2026-05-17T03:00:02.070+0000	done dumping gansou_db.projects (13 documents)
2026-05-17T03:00:02.070+0000	writing gansou_db.offers to /tmp/mongodb_backup_2026-05-17_03-00-01/gansou_db/offers.bson
2026-05-17T03:00:02.070+0000	done dumping gansou_db.projects (13 documents)
2026-05-17T03:00:02.070+0000	writing gansou_db.offers to /tmp/mongodb_backup_2026-05-17_03-00-01/gansou_db/offers.bson
2026-05-17T03:00:02.072+0000	done dumping gansou_db.authsessions (19 documents)
2026-05-17T03:00:02.072+0000	done dumping gansou_db.authsessions (19 documents)
2026-05-17T03:00:02.072+0000	writing gansou_db.tags to /tmp/mongodb_backup_2026-05-17_03-00-01/gansou_db/tags.bson
2026-05-17T03:00:02.072+0000	writing gansou_db.tags to /tmp/mongodb_backup_2026-05-17_03-00-01/gansou_db/tags.bson
2026-05-17T03:00:02.073+0000	done dumping gansou_db.messages (12 documents)
2026-05-17T03:00:02.073+0000	done dumping gansou_db.messages (12 documents)
2026-05-17T03:00:02.073+0000	writing gansou_db.authidentities to /tmp/mongodb_backup_2026-05-17_03-00-01/gansou_db/authidentities.bson
2026-05-17T03:00:02.073+0000	writing gansou_db.authidentities to /tmp/mongodb_backup_2026-05-17_03-00-01/gansou_db/authidentities.bson
2026-05-17T03:00:02.075+0000	done dumping gansou_db.offers (4 documents)
2026-05-17T03:00:02.075+0000	done dumping gansou_db.offers (4 documents)
2026-05-17T03:00:02.075+0000	writing gansou_db.admins to /tmp/mongodb_backup_2026-05-17_03-00-01/gansou_db/admins.bson
2026-05-17T03:00:02.075+0000	writing gansou_db.admins to /tmp/mongodb_backup_2026-05-17_03-00-01/gansou_db/admins.bson
2026-05-17T03:00:02.076+0000	done dumping gansou_db.tags (3 documents)
2026-05-17T03:00:02.076+0000	writing gansou_db.mfaconfigs to /tmp/mongodb_backup_2026-05-17_03-00-01/gansou_db/mfaconfigs.bson
2026-05-17T03:00:02.076+0000	done dumping gansou_db.tags (3 documents)
2026-05-17T03:00:02.076+0000	writing gansou_db.mfaconfigs to /tmp/mongodb_backup_2026-05-17_03-00-01/gansou_db/mfaconfigs.bson
2026-05-17T03:00:02.076+0000	done dumping gansou_db.authidentitysecurities (4 documents)
2026-05-17T03:00:02.076+0000	done dumping gansou_db.authidentitysecurities (4 documents)
2026-05-17T03:00:02.076+0000	writing gansou_db.articles to /tmp/mongodb_backup_2026-05-17_03-00-01/gansou_db/articles.bson
2026-05-17T03:00:02.076+0000	writing gansou_db.articles to /tmp/mongodb_backup_2026-05-17_03-00-01/gansou_db/articles.bson
2026-05-17T03:00:02.078+0000	done dumping gansou_db.mfaconfigs (0 documents)
2026-05-17T03:00:02.078+0000	writing gansou_db.sections to /tmp/mongodb_backup_2026-05-17_03-00-01/gansou_db/sections.bson
2026-05-17T03:00:02.078+0000	done dumping gansou_db.mfaconfigs (0 documents)
2026-05-17T03:00:02.078+0000	writing gansou_db.sections to /tmp/mongodb_backup_2026-05-17_03-00-01/gansou_db/sections.bson
2026-05-17T03:00:02.078+0000	done dumping gansou_db.articles (0 documents)
2026-05-17T03:00:02.078+0000	done dumping gansou_db.authidentities (3 documents)
2026-05-17T03:00:02.078+0000	done dumping gansou_db.articles (0 documents)
2026-05-17T03:00:02.078+0000	done dumping gansou_db.authidentities (3 documents)
2026-05-17T03:00:02.078+0000	done dumping gansou_db.admins (3 documents)
2026-05-17T03:00:02.078+0000	done dumping gansou_db.admins (3 documents)
2026-05-17T03:00:02.079+0000	done dumping gansou_db.sections (0 documents)
2026-05-17T03:00:02.079+0000	done dumping gansou_db.sections (0 documents)
2026-05-17 03:00:02 [[0;32mSUCCESS[0m] Dump MongoDB cree avec succes
2026-05-17 03:00:02 [[0;32mSUCCESS[0m] Dump MongoDB cree avec succes
2026-05-17 03:00:02 [INFO] Compression du backup...
2026-05-17 03:00:02 [INFO] Compression du backup...
mongodb_backup_2026-05-17_03-00-01/
mongodb_backup_2026-05-17_03-00-01/gansou_db/
mongodb_backup_2026-05-17_03-00-01/gansou_db/offers.metadata.json
mongodb_backup_2026-05-17_03-00-01/gansou_db/sections.bson
mongodb_backup_2026-05-17_03-00-01/gansou_db/mfaconfigs.bson
mongodb_backup_2026-05-17_03-00-01/gansou_db/authidentitysecurities.metadata.json
mongodb_backup_2026-05-17_03-00-01/gansou_db/projects.bson
mongodb_backup_2026-05-17_03-00-01/gansou_db/projects.metadata.json
mongodb_backup_2026-05-17_03-00-01/gansou_db/reservations.metadata.json
mongodb_backup_2026-05-17_03-00-01/gansou_db/articles.metadata.json
mongodb_backup_2026-05-17_03-00-01/gansou_db/reservations.bson
mongodb_backup_2026-05-17_03-00-01/gansou_db/mfaconfigs.metadata.json
mongodb_backup_2026-05-17_03-00-01/gansou_db/prelude.json
mongodb_backup_2026-05-17_03-00-01/gansou_db/offers.bson
mongodb_backup_2026-05-17_03-00-01/gansou_db/authidentitysecurities.bson
mongodb_backup_2026-05-17_03-00-01/gansou_db/authidentities.metadata.json
mongodb_backup_2026-05-17_03-00-01/gansou_db/tags.metadata.json
mongodb_backup_2026-05-17_03-00-01/gansou_db/articles.bson
mongodb_backup_2026-05-17_03-00-01/gansou_db/messages.metadata.json
mongodb_backup_2026-05-17_03-00-01/gansou_db/messages.bson
mongodb_backup_2026-05-17_03-00-01/gansou_db/authsessions.metadata.json
mongodb_backup_2026-05-17_03-00-01/gansou_db/authsecurityaudits.metadata.json
mongodb_backup_2026-05-17_03-00-01/
mongodb_backup_2026-05-17_03-00-01/gansou_db/
mongodb_backup_2026-05-17_03-00-01/gansou_db/offers.metadata.json
mongodb_backup_2026-05-17_03-00-01/gansou_db/sections.bson
mongodb_backup_2026-05-17_03-00-01/gansou_db/mfaconfigs.bson
mongodb_backup_2026-05-17_03-00-01/gansou_db/authidentitysecurities.metadata.json
mongodb_backup_2026-05-17_03-00-01/gansou_db/projects.bson
mongodb_backup_2026-05-17_03-00-01/gansou_db/projects.metadata.json
mongodb_backup_2026-05-17_03-00-01/gansou_db/reservations.metadata.json
mongodb_backup_2026-05-17_03-00-01/gansou_db/articles.metadata.json
mongodb_backup_2026-05-17_03-00-01/gansou_db/reservations.bson
mongodb_backup_2026-05-17_03-00-01/gansou_db/mfaconfigs.metadata.json
mongodb_backup_2026-05-17_03-00-01/gansou_db/prelude.json
mongodb_backup_2026-05-17_03-00-01/gansou_db/offers.bson
mongodb_backup_2026-05-17_03-00-01/gansou_db/authidentitysecurities.bson
mongodb_backup_2026-05-17_03-00-01/gansou_db/authidentities.metadata.json
mongodb_backup_2026-05-17_03-00-01/gansou_db/tags.metadata.json
mongodb_backup_2026-05-17_03-00-01/gansou_db/articles.bson
mongodb_backup_2026-05-17_03-00-01/gansou_db/messages.metadata.json
mongodb_backup_2026-05-17_03-00-01/gansou_db/messages.bson
mongodb_backup_2026-05-17_03-00-01/gansou_db/authsessions.metadata.json
mongodb_backup_2026-05-17_03-00-01/gansou_db/authsecurityaudits.metadata.json
mongodb_backup_2026-05-17_03-00-01/gansou_db/authsessions.bson
mongodb_backup_2026-05-17_03-00-01/gansou_db/tags.bson
mongodb_backup_2026-05-17_03-00-01/gansou_db/sections.metadata.json
mongodb_backup_2026-05-17_03-00-01/gansou_db/admins.bson
mongodb_backup_2026-05-17_03-00-01/gansou_db/authidentities.bson
mongodb_backup_2026-05-17_03-00-01/gansou_db/admins.metadata.json
mongodb_backup_2026-05-17_03-00-01/gansou_db/authsecurityaudits.bson
mongodb_backup_2026-05-17_03-00-01/gansou_db/authsessions.bson
mongodb_backup_2026-05-17_03-00-01/gansou_db/tags.bson
mongodb_backup_2026-05-17_03-00-01/gansou_db/sections.metadata.json
mongodb_backup_2026-05-17_03-00-01/gansou_db/admins.bson
mongodb_backup_2026-05-17_03-00-01/gansou_db/authidentities.bson
mongodb_backup_2026-05-17_03-00-01/gansou_db/admins.metadata.json
mongodb_backup_2026-05-17_03-00-01/gansou_db/authsecurityaudits.bson
2026-05-17 03:00:02 [[0;32mSUCCESS[0m] Backup compresse: /root/MaisonGANSOU/backups/mongodb/mongodb_backup_2026-05-17_03-00-01.tar.gz (20K)
2026-05-17 03:00:02 [[0;32mSUCCESS[0m] Backup compresse: /root/MaisonGANSOU/backups/mongodb/mongodb_backup_2026-05-17_03-00-01.tar.gz (20K)
2026-05-17 03:00:02 [[1;33mWARNING[0m] Configuration S3 incomplete. Backup local uniquement.
2026-05-17 03:00:02 [[1;33mWARNING[0m] Configuration S3 incomplete. Backup local uniquement.
2026-05-17 03:00:02 [[1;33mWARNING[0m] Configurez les variables AWS dans /root/MaisonGANSOU/backend/.env
2026-05-17 03:00:02 [[1;33mWARNING[0m] Configurez les variables AWS dans /root/MaisonGANSOU/backend/.env
2026-05-17 03:00:02 [INFO] Nettoyage des anciens backups (> 30 jours)...
2026-05-17 03:00:02 [INFO] Nettoyage des anciens backups (> 30 jours)...
2026-05-17 03:00:02 [INFO] 1 ancien(s) backup(s) supprime(s)
2026-05-17 03:00:02 [INFO] 1 ancien(s) backup(s) supprime(s)
2026-05-17 03:00:02 [INFO] ==========================================
2026-05-17 03:00:02 [INFO] ==========================================
2026-05-17 03:00:02 [[0;32mSUCCESS[0m] Sauvegarde terminee avec succes!
2026-05-17 03:00:02 [[0;32mSUCCESS[0m] Sauvegarde terminee avec succes!
2026-05-17 03:00:02 [INFO] Fichier local: /root/MaisonGANSOU/backups/mongodb/mongodb_backup_2026-05-17_03-00-01.tar.gz
2026-05-17 03:00:02 [INFO] Fichier local: /root/MaisonGANSOU/backups/mongodb/mongodb_backup_2026-05-17_03-00-01.tar.gz
2026-05-17 03:00:02 [INFO] Taille: 20K
2026-05-17 03:00:02 [INFO] Taille: 20K
2026-05-17 03:00:02 [INFO] ==========================================
2026-05-17 03:00:02 [INFO] ==========================================
2026-05-17 03:00:02 [INFO] Backups disponibles:
2026-05-17 03:00:02 [INFO] Backups disponibles:
-rw-r--r-- 1 root root 19K Apr 19 03:00 /root/MaisonGANSOU/backups/mongodb/mongodb_backup_2026-04-19_03-00-01.tar.gz
-rw-r--r-- 1 root root 19K Apr 26 03:00 /root/MaisonGANSOU/backups/mongodb/mongodb_backup_2026-04-26_03-00-01.tar.gz
-rw-r--r-- 1 root root 19K May  3 03:00 /root/MaisonGANSOU/backups/mongodb/mongodb_backup_2026-05-03_03-00-01.tar.gz
-rw-r--r-- 1 root root 19K May 10 03:00 /root/MaisonGANSOU/backups/mongodb/mongodb_backup_2026-05-10_03-00-01.tar.gz
-rw-r--r-- 1 root root 20K May 17 03:00 /root/MaisonGANSOU/backups/mongodb/mongodb_backup_2026-05-17_03-00-01.tar.gz
-rw-r--r-- 1 root root 19K Apr 19 03:00 /root/MaisonGANSOU/backups/mongodb/mongodb_backup_2026-04-19_03-00-01.tar.gz
-rw-r--r-- 1 root root 19K Apr 26 03:00 /root/MaisonGANSOU/backups/mongodb/mongodb_backup_2026-04-26_03-00-01.tar.gz
-rw-r--r-- 1 root root 19K May  3 03:00 /root/MaisonGANSOU/backups/mongodb/mongodb_backup_2026-05-03_03-00-01.tar.gz
-rw-r--r-- 1 root root 19K May 10 03:00 /root/MaisonGANSOU/backups/mongodb/mongodb_backup_2026-05-10_03-00-01.tar.gz
-rw-r--r-- 1 root root 20K May 17 03:00 /root/MaisonGANSOU/backups/mongodb/mongodb_backup_2026-05-17_03-00-01.tar.gz
2026-05-24 03:00:01 [INFO] ==========================================
2026-05-24 03:00:01 [INFO] ==========================================
2026-05-24 03:00:01 [INFO] Demarrage de la sauvegarde MongoDB
2026-05-24 03:00:01 [INFO] Demarrage de la sauvegarde MongoDB
2026-05-24 03:00:01 [INFO] ==========================================
2026-05-24 03:00:01 [INFO] ==========================================
2026-05-24 03:00:01 [INFO] Container MongoDB detecte: maison-mongodb
2026-05-24 03:00:01 [INFO] Container MongoDB detecte: maison-mongodb
2026-05-24 03:00:01 [INFO] Creation du dump MongoDB...
2026-05-24 03:00:01 [INFO] Creation du dump MongoDB...
2026-05-24T03:00:02.317+0000	writing gansou_db.authsecurityaudits to /tmp/mongodb_backup_2026-05-24_03-00-01/gansou_db/authsecurityaudits.bson
2026-05-24T03:00:02.317+0000	writing gansou_db.authsecurityaudits to /tmp/mongodb_backup_2026-05-24_03-00-01/gansou_db/authsecurityaudits.bson
2026-05-24T03:00:02.320+0000	writing gansou_db.reservations to /tmp/mongodb_backup_2026-05-24_03-00-01/gansou_db/reservations.bson
2026-05-24T03:00:02.320+0000	writing gansou_db.reservations to /tmp/mongodb_backup_2026-05-24_03-00-01/gansou_db/reservations.bson
2026-05-24T03:00:02.321+0000	writing gansou_db.authsessions to /tmp/mongodb_backup_2026-05-24_03-00-01/gansou_db/authsessions.bson
2026-05-24T03:00:02.321+0000	writing gansou_db.authsessions to /tmp/mongodb_backup_2026-05-24_03-00-01/gansou_db/authsessions.bson
2026-05-24T03:00:02.322+0000	writing gansou_db.projects to /tmp/mongodb_backup_2026-05-24_03-00-01/gansou_db/projects.bson
2026-05-24T03:00:02.322+0000	writing gansou_db.projects to /tmp/mongodb_backup_2026-05-24_03-00-01/gansou_db/projects.bson
2026-05-24T03:00:02.328+0000	done dumping gansou_db.authsecurityaudits (43 documents)
2026-05-24T03:00:02.328+0000	writing gansou_db.messages to /tmp/mongodb_backup_2026-05-24_03-00-01/gansou_db/messages.bson
2026-05-24T03:00:02.328+0000	done dumping gansou_db.authsecurityaudits (43 documents)
2026-05-24T03:00:02.328+0000	writing gansou_db.messages to /tmp/mongodb_backup_2026-05-24_03-00-01/gansou_db/messages.bson
2026-05-24T03:00:02.329+0000	done dumping gansou_db.reservations (25 documents)
2026-05-24T03:00:02.329+0000	done dumping gansou_db.reservations (25 documents)
2026-05-24T03:00:02.330+0000	writing gansou_db.authidentitysecurities to /tmp/mongodb_backup_2026-05-24_03-00-01/gansou_db/authidentitysecurities.bson
2026-05-24T03:00:02.330+0000	writing gansou_db.authidentitysecurities to /tmp/mongodb_backup_2026-05-24_03-00-01/gansou_db/authidentitysecurities.bson
2026-05-24T03:00:02.332+0000	done dumping gansou_db.authsessions (20 documents)
2026-05-24T03:00:02.332+0000	done dumping gansou_db.authsessions (20 documents)
2026-05-24T03:00:02.333+0000	writing gansou_db.offers to /tmp/mongodb_backup_2026-05-24_03-00-01/gansou_db/offers.bson
2026-05-24T03:00:02.333+0000	writing gansou_db.offers to /tmp/mongodb_backup_2026-05-24_03-00-01/gansou_db/offers.bson
2026-05-24T03:00:02.334+0000	done dumping gansou_db.projects (13 documents)
2026-05-24T03:00:02.334+0000	writing gansou_db.tags to /tmp/mongodb_backup_2026-05-24_03-00-01/gansou_db/tags.bson
2026-05-24T03:00:02.334+0000	done dumping gansou_db.projects (13 documents)
2026-05-24T03:00:02.334+0000	writing gansou_db.tags to /tmp/mongodb_backup_2026-05-24_03-00-01/gansou_db/tags.bson
2026-05-24T03:00:02.334+0000	done dumping gansou_db.messages (12 documents)
2026-05-24T03:00:02.334+0000	done dumping gansou_db.messages (12 documents)
2026-05-24T03:00:02.334+0000	writing gansou_db.authidentities to /tmp/mongodb_backup_2026-05-24_03-00-01/gansou_db/authidentities.bson
2026-05-24T03:00:02.334+0000	writing gansou_db.authidentities to /tmp/mongodb_backup_2026-05-24_03-00-01/gansou_db/authidentities.bson
2026-05-24T03:00:02.335+0000	done dumping gansou_db.tags (3 documents)
2026-05-24T03:00:02.335+0000	writing gansou_db.admins to /tmp/mongodb_backup_2026-05-24_03-00-01/gansou_db/admins.bson
2026-05-24T03:00:02.335+0000	done dumping gansou_db.tags (3 documents)
2026-05-24T03:00:02.335+0000	writing gansou_db.admins to /tmp/mongodb_backup_2026-05-24_03-00-01/gansou_db/admins.bson
2026-05-24T03:00:02.336+0000	done dumping gansou_db.offers (4 documents)
2026-05-24T03:00:02.336+0000	writing gansou_db.mfaconfigs to /tmp/mongodb_backup_2026-05-24_03-00-01/gansou_db/mfaconfigs.bson
2026-05-24T03:00:02.336+0000	done dumping gansou_db.offers (4 documents)
2026-05-24T03:00:02.336+0000	writing gansou_db.mfaconfigs to /tmp/mongodb_backup_2026-05-24_03-00-01/gansou_db/mfaconfigs.bson
2026-05-24T03:00:02.337+0000	done dumping gansou_db.authidentitysecurities (4 documents)
2026-05-24T03:00:02.337+0000	writing gansou_db.articles to /tmp/mongodb_backup_2026-05-24_03-00-01/gansou_db/articles.bson
2026-05-24T03:00:02.337+0000	done dumping gansou_db.authidentitysecurities (4 documents)
2026-05-24T03:00:02.337+0000	writing gansou_db.articles to /tmp/mongodb_backup_2026-05-24_03-00-01/gansou_db/articles.bson
2026-05-24T03:00:02.337+0000	done dumping gansou_db.mfaconfigs (0 documents)
2026-05-24T03:00:02.337+0000	writing gansou_db.sections to /tmp/mongodb_backup_2026-05-24_03-00-01/gansou_db/sections.bson
2026-05-24T03:00:02.337+0000	done dumping gansou_db.mfaconfigs (0 documents)
2026-05-24T03:00:02.337+0000	writing gansou_db.sections to /tmp/mongodb_backup_2026-05-24_03-00-01/gansou_db/sections.bson
2026-05-24T03:00:02.338+0000	done dumping gansou_db.sections (0 documents)
2026-05-24T03:00:02.338+0000	done dumping gansou_db.sections (0 documents)
2026-05-24T03:00:02.339+0000	done dumping gansou_db.authidentities (3 documents)
2026-05-24T03:00:02.339+0000	done dumping gansou_db.authidentities (3 documents)
2026-05-24T03:00:02.341+0000	done dumping gansou_db.admins (3 documents)
2026-05-24T03:00:02.341+0000	done dumping gansou_db.admins (3 documents)
2026-05-24T03:00:02.342+0000	done dumping gansou_db.articles (0 documents)
2026-05-24T03:00:02.342+0000	done dumping gansou_db.articles (0 documents)
2026-05-24 03:00:02 [[0;32mSUCCESS[0m] Dump MongoDB cree avec succes
2026-05-24 03:00:02 [[0;32mSUCCESS[0m] Dump MongoDB cree avec succes
2026-05-24 03:00:02 [INFO] Compression du backup...
2026-05-24 03:00:02 [INFO] Compression du backup...
mongodb_backup_2026-05-24_03-00-01/
mongodb_backup_2026-05-24_03-00-01/gansou_db/
mongodb_backup_2026-05-24_03-00-01/gansou_db/offers.metadata.json
mongodb_backup_2026-05-24_03-00-01/gansou_db/sections.bson
mongodb_backup_2026-05-24_03-00-01/gansou_db/mfaconfigs.bson
mongodb_backup_2026-05-24_03-00-01/gansou_db/authidentitysecurities.metadata.json
mongodb_backup_2026-05-24_03-00-01/gansou_db/projects.bson
mongodb_backup_2026-05-24_03-00-01/gansou_db/projects.metadata.json
mongodb_backup_2026-05-24_03-00-01/gansou_db/reservations.metadata.json
mongodb_backup_2026-05-24_03-00-01/gansou_db/articles.metadata.json
mongodb_backup_2026-05-24_03-00-01/gansou_db/reservations.bson
mongodb_backup_2026-05-24_03-00-01/gansou_db/mfaconfigs.metadata.json
mongodb_backup_2026-05-24_03-00-01/gansou_db/prelude.json
mongodb_backup_2026-05-24_03-00-01/gansou_db/offers.bson
mongodb_backup_2026-05-24_03-00-01/gansou_db/authidentitysecurities.bson
mongodb_backup_2026-05-24_03-00-01/gansou_db/authidentities.metadata.json
mongodb_backup_2026-05-24_03-00-01/gansou_db/tags.metadata.json
mongodb_backup_2026-05-24_03-00-01/gansou_db/articles.bson
mongodb_backup_2026-05-24_03-00-01/gansou_db/messages.metadata.json
mongodb_backup_2026-05-24_03-00-01/gansou_db/messages.bson
mongodb_backup_2026-05-24_03-00-01/gansou_db/authsessions.metadata.json
mongodb_backup_2026-05-24_03-00-01/gansou_db/authsecurityaudits.metadata.json
mongodb_backup_2026-05-24_03-00-01/
mongodb_backup_2026-05-24_03-00-01/gansou_db/
mongodb_backup_2026-05-24_03-00-01/gansou_db/offers.metadata.json
mongodb_backup_2026-05-24_03-00-01/gansou_db/sections.bson
mongodb_backup_2026-05-24_03-00-01/gansou_db/mfaconfigs.bson
mongodb_backup_2026-05-24_03-00-01/gansou_db/authidentitysecurities.metadata.json
mongodb_backup_2026-05-24_03-00-01/gansou_db/projects.bson
mongodb_backup_2026-05-24_03-00-01/gansou_db/projects.metadata.json
mongodb_backup_2026-05-24_03-00-01/gansou_db/reservations.metadata.json
mongodb_backup_2026-05-24_03-00-01/gansou_db/articles.metadata.json
mongodb_backup_2026-05-24_03-00-01/gansou_db/reservations.bson
mongodb_backup_2026-05-24_03-00-01/gansou_db/mfaconfigs.metadata.json
mongodb_backup_2026-05-24_03-00-01/gansou_db/prelude.json
mongodb_backup_2026-05-24_03-00-01/gansou_db/offers.bson
mongodb_backup_2026-05-24_03-00-01/gansou_db/authidentitysecurities.bson
mongodb_backup_2026-05-24_03-00-01/gansou_db/authidentities.metadata.json
mongodb_backup_2026-05-24_03-00-01/gansou_db/tags.metadata.json
mongodb_backup_2026-05-24_03-00-01/gansou_db/articles.bson
mongodb_backup_2026-05-24_03-00-01/gansou_db/messages.metadata.json
mongodb_backup_2026-05-24_03-00-01/gansou_db/messages.bson
mongodb_backup_2026-05-24_03-00-01/gansou_db/authsessions.metadata.json
mongodb_backup_2026-05-24_03-00-01/gansou_db/authsecurityaudits.metadata.json
mongodb_backup_2026-05-24_03-00-01/gansou_db/authsessions.bson
mongodb_backup_2026-05-24_03-00-01/gansou_db/tags.bson
mongodb_backup_2026-05-24_03-00-01/gansou_db/sections.metadata.json
mongodb_backup_2026-05-24_03-00-01/gansou_db/admins.bson
mongodb_backup_2026-05-24_03-00-01/gansou_db/authidentities.bson
mongodb_backup_2026-05-24_03-00-01/gansou_db/admins.metadata.json
mongodb_backup_2026-05-24_03-00-01/gansou_db/authsecurityaudits.bson
mongodb_backup_2026-05-24_03-00-01/gansou_db/authsessions.bson
mongodb_backup_2026-05-24_03-00-01/gansou_db/tags.bson
mongodb_backup_2026-05-24_03-00-01/gansou_db/sections.metadata.json
mongodb_backup_2026-05-24_03-00-01/gansou_db/admins.bson
mongodb_backup_2026-05-24_03-00-01/gansou_db/authidentities.bson
mongodb_backup_2026-05-24_03-00-01/gansou_db/admins.metadata.json
mongodb_backup_2026-05-24_03-00-01/gansou_db/authsecurityaudits.bson
2026-05-24 03:00:02 [[0;32mSUCCESS[0m] Backup compresse: /root/MaisonGANSOU/backups/mongodb/mongodb_backup_2026-05-24_03-00-01.tar.gz (20K)
2026-05-24 03:00:02 [[0;32mSUCCESS[0m] Backup compresse: /root/MaisonGANSOU/backups/mongodb/mongodb_backup_2026-05-24_03-00-01.tar.gz (20K)
2026-05-24 03:00:02 [[1;33mWARNING[0m] Configuration S3 incomplete. Backup local uniquement.
2026-05-24 03:00:02 [[1;33mWARNING[0m] Configuration S3 incomplete. Backup local uniquement.
2026-05-24 03:00:02 [[1;33mWARNING[0m] Configurez les variables AWS dans /root/MaisonGANSOU/backend/.env
2026-05-24 03:00:02 [[1;33mWARNING[0m] Configurez les variables AWS dans /root/MaisonGANSOU/backend/.env
2026-05-24 03:00:02 [INFO] Nettoyage des anciens backups (> 30 jours)...
2026-05-24 03:00:02 [INFO] Nettoyage des anciens backups (> 30 jours)...
2026-05-24 03:00:02 [INFO] 1 ancien(s) backup(s) supprime(s)
2026-05-24 03:00:02 [INFO] 1 ancien(s) backup(s) supprime(s)
2026-05-24 03:00:02 [INFO] ==========================================
2026-05-24 03:00:02 [INFO] ==========================================
2026-05-24 03:00:02 [[0;32mSUCCESS[0m] Sauvegarde terminee avec succes!
2026-05-24 03:00:02 [[0;32mSUCCESS[0m] Sauvegarde terminee avec succes!
2026-05-24 03:00:02 [INFO] Fichier local: /root/MaisonGANSOU/backups/mongodb/mongodb_backup_2026-05-24_03-00-01.tar.gz
2026-05-24 03:00:02 [INFO] Fichier local: /root/MaisonGANSOU/backups/mongodb/mongodb_backup_2026-05-24_03-00-01.tar.gz
2026-05-24 03:00:02 [INFO] Taille: 20K
2026-05-24 03:00:02 [INFO] Taille: 20K
2026-05-24 03:00:02 [INFO] ==========================================
2026-05-24 03:00:02 [INFO] ==========================================
2026-05-24 03:00:02 [INFO] Backups disponibles:
2026-05-24 03:00:02 [INFO] Backups disponibles:
-rw-r--r-- 1 root root 19K Apr 26 03:00 /root/MaisonGANSOU/backups/mongodb/mongodb_backup_2026-04-26_03-00-01.tar.gz
-rw-r--r-- 1 root root 19K May  3 03:00 /root/MaisonGANSOU/backups/mongodb/mongodb_backup_2026-05-03_03-00-01.tar.gz
-rw-r--r-- 1 root root 19K May 10 03:00 /root/MaisonGANSOU/backups/mongodb/mongodb_backup_2026-05-10_03-00-01.tar.gz
-rw-r--r-- 1 root root 20K May 17 03:00 /root/MaisonGANSOU/backups/mongodb/mongodb_backup_2026-05-17_03-00-01.tar.gz
-rw-r--r-- 1 root root 20K May 24 03:00 /root/MaisonGANSOU/backups/mongodb/mongodb_backup_2026-05-24_03-00-01.tar.gz
-rw-r--r-- 1 root root 19K Apr 26 03:00 /root/MaisonGANSOU/backups/mongodb/mongodb_backup_2026-04-26_03-00-01.tar.gz
-rw-r--r-- 1 root root 19K May  3 03:00 /root/MaisonGANSOU/backups/mongodb/mongodb_backup_2026-05-03_03-00-01.tar.gz
-rw-r--r-- 1 root root 19K May 10 03:00 /root/MaisonGANSOU/backups/mongodb/mongodb_backup_2026-05-10_03-00-01.tar.gz
-rw-r--r-- 1 root root 20K May 17 03:00 /root/MaisonGANSOU/backups/mongodb/mongodb_backup_2026-05-17_03-00-01.tar.gz
-rw-r--r-- 1 root root 20K May 24 03:00 /root/MaisonGANSOU/backups/mongodb/mongodb_backup_2026-05-24_03-00-01.tar.gz
2026-05-31 03:00:01 [INFO] ==========================================
2026-05-31 03:00:01 [INFO] ==========================================
2026-05-31 03:00:01 [INFO] Demarrage de la sauvegarde MongoDB
2026-05-31 03:00:01 [INFO] Demarrage de la sauvegarde MongoDB
2026-05-31 03:00:01 [INFO] ==========================================
2026-05-31 03:00:01 [INFO] ==========================================
2026-05-31 03:00:01 [INFO] Container MongoDB detecte: maison-mongodb
2026-05-31 03:00:01 [INFO] Container MongoDB detecte: maison-mongodb
2026-05-31 03:00:01 [INFO] Creation du dump MongoDB...
2026-05-31 03:00:01 [INFO] Creation du dump MongoDB...
2026-05-31T03:00:01.952+0000	writing gansou_db.authsecurityaudits to /tmp/mongodb_backup_2026-05-31_03-00-01/gansou_db/authsecurityaudits.bson
2026-05-31T03:00:01.953+0000	writing gansou_db.reservations to /tmp/mongodb_backup_2026-05-31_03-00-01/gansou_db/reservations.bson
2026-05-31T03:00:01.953+0000	writing gansou_db.authsessions to /tmp/mongodb_backup_2026-05-31_03-00-01/gansou_db/authsessions.bson
2026-05-31T03:00:01.954+0000	writing gansou_db.projects to /tmp/mongodb_backup_2026-05-31_03-00-01/gansou_db/projects.bson
2026-05-31T03:00:01.952+0000	writing gansou_db.authsecurityaudits to /tmp/mongodb_backup_2026-05-31_03-00-01/gansou_db/authsecurityaudits.bson
2026-05-31T03:00:01.953+0000	writing gansou_db.reservations to /tmp/mongodb_backup_2026-05-31_03-00-01/gansou_db/reservations.bson
2026-05-31T03:00:01.953+0000	writing gansou_db.authsessions to /tmp/mongodb_backup_2026-05-31_03-00-01/gansou_db/authsessions.bson
2026-05-31T03:00:01.954+0000	writing gansou_db.projects to /tmp/mongodb_backup_2026-05-31_03-00-01/gansou_db/projects.bson
2026-05-31T03:00:01.966+0000	done dumping gansou_db.authsecurityaudits (43 documents)
2026-05-31T03:00:01.966+0000	done dumping gansou_db.authsecurityaudits (43 documents)
2026-05-31T03:00:01.967+0000	writing gansou_db.messages to /tmp/mongodb_backup_2026-05-31_03-00-01/gansou_db/messages.bson
2026-05-31T03:00:01.967+0000	writing gansou_db.messages to /tmp/mongodb_backup_2026-05-31_03-00-01/gansou_db/messages.bson
2026-05-31T03:00:01.968+0000	done dumping gansou_db.authsessions (20 documents)
2026-05-31T03:00:01.968+0000	done dumping gansou_db.authsessions (20 documents)
2026-05-31T03:00:01.968+0000	writing gansou_db.authidentitysecurities to /tmp/mongodb_backup_2026-05-31_03-00-01/gansou_db/authidentitysecurities.bson
2026-05-31T03:00:01.968+0000	writing gansou_db.authidentitysecurities to /tmp/mongodb_backup_2026-05-31_03-00-01/gansou_db/authidentitysecurities.bson
2026-05-31T03:00:01.969+0000	done dumping gansou_db.reservations (25 documents)
2026-05-31T03:00:01.969+0000	done dumping gansou_db.reservations (25 documents)
2026-05-31T03:00:01.970+0000	writing gansou_db.offers to /tmp/mongodb_backup_2026-05-31_03-00-01/gansou_db/offers.bson
2026-05-31T03:00:01.970+0000	writing gansou_db.offers to /tmp/mongodb_backup_2026-05-31_03-00-01/gansou_db/offers.bson
2026-05-31T03:00:01.972+0000	done dumping gansou_db.projects (13 documents)
2026-05-31T03:00:01.972+0000	writing gansou_db.tags to /tmp/mongodb_backup_2026-05-31_03-00-01/gansou_db/tags.bson
2026-05-31T03:00:01.972+0000	done dumping gansou_db.projects (13 documents)
2026-05-31T03:00:01.972+0000	writing gansou_db.tags to /tmp/mongodb_backup_2026-05-31_03-00-01/gansou_db/tags.bson
2026-05-31T03:00:01.973+0000	done dumping gansou_db.authidentitysecurities (4 documents)
2026-05-31T03:00:01.973+0000	done dumping gansou_db.authidentitysecurities (4 documents)
2026-05-31T03:00:01.974+0000	writing gansou_db.authidentities to /tmp/mongodb_backup_2026-05-31_03-00-01/gansou_db/authidentities.bson
2026-05-31T03:00:01.974+0000	writing gansou_db.authidentities to /tmp/mongodb_backup_2026-05-31_03-00-01/gansou_db/authidentities.bson
2026-05-31T03:00:01.974+0000	done dumping gansou_db.tags (3 documents)
2026-05-31T03:00:01.974+0000	writing gansou_db.admins to /tmp/mongodb_backup_2026-05-31_03-00-01/gansou_db/admins.bson
2026-05-31T03:00:01.974+0000	done dumping gansou_db.tags (3 documents)
2026-05-31T03:00:01.974+0000	writing gansou_db.admins to /tmp/mongodb_backup_2026-05-31_03-00-01/gansou_db/admins.bson
2026-05-31T03:00:01.975+0000	done dumping gansou_db.messages (12 documents)
2026-05-31T03:00:01.975+0000	done dumping gansou_db.messages (12 documents)
2026-05-31T03:00:01.975+0000	writing gansou_db.mfaconfigs to /tmp/mongodb_backup_2026-05-31_03-00-01/gansou_db/mfaconfigs.bson
2026-05-31T03:00:01.975+0000	writing gansou_db.mfaconfigs to /tmp/mongodb_backup_2026-05-31_03-00-01/gansou_db/mfaconfigs.bson
2026-05-31T03:00:01.975+0000	done dumping gansou_db.offers (4 documents)
2026-05-31T03:00:01.975+0000	writing gansou_db.articles to /tmp/mongodb_backup_2026-05-31_03-00-01/gansou_db/articles.bson
2026-05-31T03:00:01.975+0000	done dumping gansou_db.offers (4 documents)
2026-05-31T03:00:01.975+0000	writing gansou_db.articles to /tmp/mongodb_backup_2026-05-31_03-00-01/gansou_db/articles.bson
2026-05-31T03:00:01.977+0000	done dumping gansou_db.admins (3 documents)
2026-05-31T03:00:01.977+0000	done dumping gansou_db.admins (3 documents)
2026-05-31T03:00:01.977+0000	writing gansou_db.sections to /tmp/mongodb_backup_2026-05-31_03-00-01/gansou_db/sections.bson
2026-05-31T03:00:01.977+0000	writing gansou_db.sections to /tmp/mongodb_backup_2026-05-31_03-00-01/gansou_db/sections.bson
2026-05-31T03:00:01.977+0000	done dumping gansou_db.mfaconfigs (0 documents)
2026-05-31T03:00:01.977+0000	done dumping gansou_db.authidentities (3 documents)
2026-05-31T03:00:01.977+0000	done dumping gansou_db.mfaconfigs (0 documents)
2026-05-31T03:00:01.977+0000	done dumping gansou_db.authidentities (3 documents)
2026-05-31T03:00:01.978+0000	done dumping gansou_db.articles (0 documents)
2026-05-31T03:00:01.978+0000	done dumping gansou_db.articles (0 documents)
2026-05-31T03:00:01.979+0000	done dumping gansou_db.sections (0 documents)
2026-05-31T03:00:01.979+0000	done dumping gansou_db.sections (0 documents)
2026-05-31 03:00:02 [[0;32mSUCCESS[0m] Dump MongoDB cree avec succes
2026-05-31 03:00:02 [[0;32mSUCCESS[0m] Dump MongoDB cree avec succes
2026-05-31 03:00:02 [INFO] Compression du backup...
2026-05-31 03:00:02 [INFO] Compression du backup...
mongodb_backup_2026-05-31_03-00-01/
mongodb_backup_2026-05-31_03-00-01/gansou_db/
mongodb_backup_2026-05-31_03-00-01/gansou_db/offers.metadata.json
mongodb_backup_2026-05-31_03-00-01/gansou_db/sections.bson
mongodb_backup_2026-05-31_03-00-01/gansou_db/mfaconfigs.bson
mongodb_backup_2026-05-31_03-00-01/gansou_db/authidentitysecurities.metadata.json
mongodb_backup_2026-05-31_03-00-01/gansou_db/projects.bson
mongodb_backup_2026-05-31_03-00-01/gansou_db/projects.metadata.json
mongodb_backup_2026-05-31_03-00-01/gansou_db/reservations.metadata.json
mongodb_backup_2026-05-31_03-00-01/gansou_db/articles.metadata.json
mongodb_backup_2026-05-31_03-00-01/gansou_db/reservations.bson
mongodb_backup_2026-05-31_03-00-01/gansou_db/mfaconfigs.metadata.json
mongodb_backup_2026-05-31_03-00-01/gansou_db/prelude.json
mongodb_backup_2026-05-31_03-00-01/gansou_db/offers.bson
mongodb_backup_2026-05-31_03-00-01/gansou_db/authidentitysecurities.bson
mongodb_backup_2026-05-31_03-00-01/gansou_db/authidentities.metadata.json
mongodb_backup_2026-05-31_03-00-01/gansou_db/tags.metadata.json
mongodb_backup_2026-05-31_03-00-01/gansou_db/articles.bson
mongodb_backup_2026-05-31_03-00-01/gansou_db/messages.metadata.json
mongodb_backup_2026-05-31_03-00-01/gansou_db/messages.bson
mongodb_backup_2026-05-31_03-00-01/gansou_db/authsessions.metadata.json
mongodb_backup_2026-05-31_03-00-01/gansou_db/authsecurityaudits.metadata.json
mongodb_backup_2026-05-31_03-00-01/
mongodb_backup_2026-05-31_03-00-01/gansou_db/
mongodb_backup_2026-05-31_03-00-01/gansou_db/offers.metadata.json
mongodb_backup_2026-05-31_03-00-01/gansou_db/sections.bson
mongodb_backup_2026-05-31_03-00-01/gansou_db/mfaconfigs.bson
mongodb_backup_2026-05-31_03-00-01/gansou_db/authidentitysecurities.metadata.json
mongodb_backup_2026-05-31_03-00-01/gansou_db/projects.bson
mongodb_backup_2026-05-31_03-00-01/gansou_db/projects.metadata.json
mongodb_backup_2026-05-31_03-00-01/gansou_db/reservations.metadata.json
mongodb_backup_2026-05-31_03-00-01/gansou_db/articles.metadata.json
mongodb_backup_2026-05-31_03-00-01/gansou_db/reservations.bson
mongodb_backup_2026-05-31_03-00-01/gansou_db/mfaconfigs.metadata.json
mongodb_backup_2026-05-31_03-00-01/gansou_db/prelude.json
mongodb_backup_2026-05-31_03-00-01/gansou_db/offers.bson
mongodb_backup_2026-05-31_03-00-01/gansou_db/authidentitysecurities.bson
mongodb_backup_2026-05-31_03-00-01/gansou_db/authidentities.metadata.json
mongodb_backup_2026-05-31_03-00-01/gansou_db/tags.metadata.json
mongodb_backup_2026-05-31_03-00-01/gansou_db/articles.bson
mongodb_backup_2026-05-31_03-00-01/gansou_db/messages.metadata.json
mongodb_backup_2026-05-31_03-00-01/gansou_db/messages.bson
mongodb_backup_2026-05-31_03-00-01/gansou_db/authsessions.metadata.json
mongodb_backup_2026-05-31_03-00-01/gansou_db/authsecurityaudits.metadata.json
mongodb_backup_2026-05-31_03-00-01/gansou_db/authsessions.bson
mongodb_backup_2026-05-31_03-00-01/gansou_db/tags.bson
mongodb_backup_2026-05-31_03-00-01/gansou_db/sections.metadata.json
mongodb_backup_2026-05-31_03-00-01/gansou_db/admins.bson
mongodb_backup_2026-05-31_03-00-01/gansou_db/authidentities.bson
mongodb_backup_2026-05-31_03-00-01/gansou_db/admins.metadata.json
mongodb_backup_2026-05-31_03-00-01/gansou_db/authsecurityaudits.bson
mongodb_backup_2026-05-31_03-00-01/gansou_db/authsessions.bson
mongodb_backup_2026-05-31_03-00-01/gansou_db/tags.bson
mongodb_backup_2026-05-31_03-00-01/gansou_db/sections.metadata.json
mongodb_backup_2026-05-31_03-00-01/gansou_db/admins.bson
mongodb_backup_2026-05-31_03-00-01/gansou_db/authidentities.bson
mongodb_backup_2026-05-31_03-00-01/gansou_db/admins.metadata.json
mongodb_backup_2026-05-31_03-00-01/gansou_db/authsecurityaudits.bson
2026-05-31 03:00:02 [[0;32mSUCCESS[0m] Backup compresse: /root/MaisonGANSOU/backups/mongodb/mongodb_backup_2026-05-31_03-00-01.tar.gz (20K)
2026-05-31 03:00:02 [[0;32mSUCCESS[0m] Backup compresse: /root/MaisonGANSOU/backups/mongodb/mongodb_backup_2026-05-31_03-00-01.tar.gz (20K)
2026-05-31 03:00:02 [[1;33mWARNING[0m] Configuration S3 incomplete. Backup local uniquement.
2026-05-31 03:00:02 [[1;33mWARNING[0m] Configuration S3 incomplete. Backup local uniquement.
2026-05-31 03:00:02 [[1;33mWARNING[0m] Configurez les variables AWS dans /root/MaisonGANSOU/backend/.env
2026-05-31 03:00:02 [[1;33mWARNING[0m] Configurez les variables AWS dans /root/MaisonGANSOU/backend/.env
2026-05-31 03:00:02 [INFO] Nettoyage des anciens backups (> 30 jours)...
2026-05-31 03:00:02 [INFO] Nettoyage des anciens backups (> 30 jours)...
2026-05-31 03:00:02 [INFO] 1 ancien(s) backup(s) supprime(s)
2026-05-31 03:00:02 [INFO] 1 ancien(s) backup(s) supprime(s)
2026-05-31 03:00:02 [INFO] ==========================================
2026-05-31 03:00:02 [INFO] ==========================================
2026-05-31 03:00:02 [[0;32mSUCCESS[0m] Sauvegarde terminee avec succes!
2026-05-31 03:00:02 [[0;32mSUCCESS[0m] Sauvegarde terminee avec succes!
2026-05-31 03:00:02 [INFO] Fichier local: /root/MaisonGANSOU/backups/mongodb/mongodb_backup_2026-05-31_03-00-01.tar.gz
2026-05-31 03:00:02 [INFO] Fichier local: /root/MaisonGANSOU/backups/mongodb/mongodb_backup_2026-05-31_03-00-01.tar.gz
2026-05-31 03:00:02 [INFO] Taille: 20K
2026-05-31 03:00:02 [INFO] Taille: 20K
2026-05-31 03:00:02 [INFO] ==========================================
2026-05-31 03:00:02 [INFO] ==========================================
2026-05-31 03:00:02 [INFO] Backups disponibles:
2026-05-31 03:00:02 [INFO] Backups disponibles:
-rw-r--r-- 1 root root 19K May  3 03:00 /root/MaisonGANSOU/backups/mongodb/mongodb_backup_2026-05-03_03-00-01.tar.gz
-rw-r--r-- 1 root root 19K May 10 03:00 /root/MaisonGANSOU/backups/mongodb/mongodb_backup_2026-05-10_03-00-01.tar.gz
-rw-r--r-- 1 root root 20K May 17 03:00 /root/MaisonGANSOU/backups/mongodb/mongodb_backup_2026-05-17_03-00-01.tar.gz
-rw-r--r-- 1 root root 20K May 24 03:00 /root/MaisonGANSOU/backups/mongodb/mongodb_backup_2026-05-24_03-00-01.tar.gz
-rw-r--r-- 1 root root 20K May 31 03:00 /root/MaisonGANSOU/backups/mongodb/mongodb_backup_2026-05-31_03-00-01.tar.gz
-rw-r--r-- 1 root root 19K May  3 03:00 /root/MaisonGANSOU/backups/mongodb/mongodb_backup_2026-05-03_03-00-01.tar.gz
-rw-r--r-- 1 root root 19K May 10 03:00 /root/MaisonGANSOU/backups/mongodb/mongodb_backup_2026-05-10_03-00-01.tar.gz
-rw-r--r-- 1 root root 20K May 17 03:00 /root/MaisonGANSOU/backups/mongodb/mongodb_backup_2026-05-17_03-00-01.tar.gz
-rw-r--r-- 1 root root 20K May 24 03:00 /root/MaisonGANSOU/backups/mongodb/mongodb_backup_2026-05-24_03-00-01.tar.gz
-rw-r--r-- 1 root root 20K May 31 03:00 /root/MaisonGANSOU/backups/mongodb/mongodb_backup_2026-05-31_03-00-01.tar.gz
2026-06-07 03:00:01 [INFO] ==========================================
2026-06-07 03:00:01 [INFO] ==========================================
2026-06-07 03:00:01 [INFO] Demarrage de la sauvegarde MongoDB
2026-06-07 03:00:01 [INFO] Demarrage de la sauvegarde MongoDB
2026-06-07 03:00:01 [INFO] ==========================================
2026-06-07 03:00:01 [INFO] ==========================================
2026-06-07 03:00:01 [INFO] Container MongoDB detecte: maison-mongodb
2026-06-07 03:00:01 [INFO] Container MongoDB detecte: maison-mongodb
2026-06-07 03:00:01 [INFO] Creation du dump MongoDB...
2026-06-07 03:00:01 [INFO] Creation du dump MongoDB...
2026-06-07T03:00:01.507+0000	writing gansou_db.authsecurityaudits to /tmp/mongodb_backup_2026-06-07_03-00-01/gansou_db/authsecurityaudits.bson
2026-06-07T03:00:01.508+0000	writing gansou_db.reservations to /tmp/mongodb_backup_2026-06-07_03-00-01/gansou_db/reservations.bson
2026-06-07T03:00:01.508+0000	writing gansou_db.authsessions to /tmp/mongodb_backup_2026-06-07_03-00-01/gansou_db/authsessions.bson
2026-06-07T03:00:01.509+0000	writing gansou_db.projects to /tmp/mongodb_backup_2026-06-07_03-00-01/gansou_db/projects.bson
2026-06-07T03:00:01.507+0000	writing gansou_db.authsecurityaudits to /tmp/mongodb_backup_2026-06-07_03-00-01/gansou_db/authsecurityaudits.bson
2026-06-07T03:00:01.508+0000	writing gansou_db.reservations to /tmp/mongodb_backup_2026-06-07_03-00-01/gansou_db/reservations.bson
2026-06-07T03:00:01.508+0000	writing gansou_db.authsessions to /tmp/mongodb_backup_2026-06-07_03-00-01/gansou_db/authsessions.bson
2026-06-07T03:00:01.509+0000	writing gansou_db.projects to /tmp/mongodb_backup_2026-06-07_03-00-01/gansou_db/projects.bson
2026-06-07T03:00:01.518+0000	done dumping gansou_db.authsecurityaudits (45 documents)
2026-06-07T03:00:01.518+0000	writing gansou_db.messages to /tmp/mongodb_backup_2026-06-07_03-00-01/gansou_db/messages.bson
2026-06-07T03:00:01.518+0000	done dumping gansou_db.authsecurityaudits (45 documents)
2026-06-07T03:00:01.518+0000	writing gansou_db.messages to /tmp/mongodb_backup_2026-06-07_03-00-01/gansou_db/messages.bson
2026-06-07T03:00:01.520+0000	done dumping gansou_db.authsessions (21 documents)
2026-06-07T03:00:01.520+0000	writing gansou_db.authidentitysecurities to /tmp/mongodb_backup_2026-06-07_03-00-01/gansou_db/authidentitysecurities.bson
2026-06-07T03:00:01.520+0000	done dumping gansou_db.authsessions (21 documents)
2026-06-07T03:00:01.520+0000	writing gansou_db.authidentitysecurities to /tmp/mongodb_backup_2026-06-07_03-00-01/gansou_db/authidentitysecurities.bson
2026-06-07T03:00:01.521+0000	done dumping gansou_db.reservations (25 documents)
2026-06-07T03:00:01.521+0000	writing gansou_db.offers to /tmp/mongodb_backup_2026-06-07_03-00-01/gansou_db/offers.bson
2026-06-07T03:00:01.521+0000	done dumping gansou_db.reservations (25 documents)
2026-06-07T03:00:01.521+0000	writing gansou_db.offers to /tmp/mongodb_backup_2026-06-07_03-00-01/gansou_db/offers.bson
2026-06-07T03:00:01.521+0000	done dumping gansou_db.projects (15 documents)
2026-06-07T03:00:01.521+0000	writing gansou_db.tags to /tmp/mongodb_backup_2026-06-07_03-00-01/gansou_db/tags.bson
2026-06-07T03:00:01.521+0000	done dumping gansou_db.projects (15 documents)
2026-06-07T03:00:01.521+0000	writing gansou_db.tags to /tmp/mongodb_backup_2026-06-07_03-00-01/gansou_db/tags.bson
2026-06-07T03:00:01.524+0000	done dumping gansou_db.authidentitysecurities (4 documents)
2026-06-07T03:00:01.524+0000	done dumping gansou_db.authidentitysecurities (4 documents)
2026-06-07T03:00:01.524+0000	writing gansou_db.authidentities to /tmp/mongodb_backup_2026-06-07_03-00-01/gansou_db/authidentities.bson
2026-06-07T03:00:01.524+0000	done dumping gansou_db.tags (3 documents)
2026-06-07T03:00:01.524+0000	writing gansou_db.admins to /tmp/mongodb_backup_2026-06-07_03-00-01/gansou_db/admins.bson
2026-06-07T03:00:01.524+0000	writing gansou_db.authidentities to /tmp/mongodb_backup_2026-06-07_03-00-01/gansou_db/authidentities.bson
2026-06-07T03:00:01.524+0000	done dumping gansou_db.tags (3 documents)
2026-06-07T03:00:01.524+0000	writing gansou_db.admins to /tmp/mongodb_backup_2026-06-07_03-00-01/gansou_db/admins.bson
2026-06-07T03:00:01.525+0000	done dumping gansou_db.messages (12 documents)
2026-06-07T03:00:01.525+0000	writing gansou_db.mfaconfigs to /tmp/mongodb_backup_2026-06-07_03-00-01/gansou_db/mfaconfigs.bson
2026-06-07T03:00:01.525+0000	done dumping gansou_db.messages (12 documents)
2026-06-07T03:00:01.525+0000	writing gansou_db.mfaconfigs to /tmp/mongodb_backup_2026-06-07_03-00-01/gansou_db/mfaconfigs.bson
2026-06-07T03:00:01.526+0000	done dumping gansou_db.offers (4 documents)
2026-06-07T03:00:01.526+0000	writing gansou_db.articles to /tmp/mongodb_backup_2026-06-07_03-00-01/gansou_db/articles.bson
2026-06-07T03:00:01.526+0000	done dumping gansou_db.offers (4 documents)
2026-06-07T03:00:01.526+0000	writing gansou_db.articles to /tmp/mongodb_backup_2026-06-07_03-00-01/gansou_db/articles.bson
2026-06-07T03:00:01.527+0000	done dumping gansou_db.admins (3 documents)
2026-06-07T03:00:01.527+0000	writing gansou_db.sections to /tmp/mongodb_backup_2026-06-07_03-00-01/gansou_db/sections.bson
2026-06-07T03:00:01.527+0000	done dumping gansou_db.admins (3 documents)
2026-06-07T03:00:01.527+0000	writing gansou_db.sections to /tmp/mongodb_backup_2026-06-07_03-00-01/gansou_db/sections.bson
2026-06-07T03:00:01.528+0000	done dumping gansou_db.authidentities (3 documents)
2026-06-07T03:00:01.528+0000	done dumping gansou_db.authidentities (3 documents)
2026-06-07T03:00:01.528+0000	done dumping gansou_db.sections (0 documents)
2026-06-07T03:00:01.528+0000	done dumping gansou_db.sections (0 documents)
2026-06-07T03:00:01.528+0000	done dumping gansou_db.mfaconfigs (0 documents)
2026-06-07T03:00:01.528+0000	done dumping gansou_db.mfaconfigs (0 documents)
2026-06-07T03:00:01.530+0000	done dumping gansou_db.articles (0 documents)
2026-06-07T03:00:01.530+0000	done dumping gansou_db.articles (0 documents)
2026-06-07 03:00:01 [[0;32mSUCCESS[0m] Dump MongoDB cree avec succes
2026-06-07 03:00:01 [[0;32mSUCCESS[0m] Dump MongoDB cree avec succes
2026-06-07 03:00:01 [INFO] Compression du backup...
2026-06-07 03:00:01 [INFO] Compression du backup...
mongodb_backup_2026-06-07_03-00-01/
mongodb_backup_2026-06-07_03-00-01/gansou_db/
mongodb_backup_2026-06-07_03-00-01/gansou_db/offers.metadata.json
mongodb_backup_2026-06-07_03-00-01/gansou_db/sections.bson
mongodb_backup_2026-06-07_03-00-01/gansou_db/mfaconfigs.bson
mongodb_backup_2026-06-07_03-00-01/gansou_db/authidentitysecurities.metadata.json
mongodb_backup_2026-06-07_03-00-01/gansou_db/projects.bson
mongodb_backup_2026-06-07_03-00-01/gansou_db/projects.metadata.json
mongodb_backup_2026-06-07_03-00-01/gansou_db/reservations.metadata.json
mongodb_backup_2026-06-07_03-00-01/gansou_db/articles.metadata.json
mongodb_backup_2026-06-07_03-00-01/gansou_db/reservations.bson
mongodb_backup_2026-06-07_03-00-01/gansou_db/mfaconfigs.metadata.json
mongodb_backup_2026-06-07_03-00-01/gansou_db/prelude.json
mongodb_backup_2026-06-07_03-00-01/gansou_db/offers.bson
mongodb_backup_2026-06-07_03-00-01/gansou_db/authidentitysecurities.bson
mongodb_backup_2026-06-07_03-00-01/gansou_db/authidentities.metadata.json
mongodb_backup_2026-06-07_03-00-01/gansou_db/tags.metadata.json
mongodb_backup_2026-06-07_03-00-01/gansou_db/articles.bson
mongodb_backup_2026-06-07_03-00-01/gansou_db/messages.metadata.json
mongodb_backup_2026-06-07_03-00-01/gansou_db/messages.bson
mongodb_backup_2026-06-07_03-00-01/
mongodb_backup_2026-06-07_03-00-01/gansou_db/
mongodb_backup_2026-06-07_03-00-01/gansou_db/offers.metadata.json
mongodb_backup_2026-06-07_03-00-01/gansou_db/sections.bson
mongodb_backup_2026-06-07_03-00-01/gansou_db/mfaconfigs.bson
mongodb_backup_2026-06-07_03-00-01/gansou_db/authidentitysecurities.metadata.json
mongodb_backup_2026-06-07_03-00-01/gansou_db/projects.bson
mongodb_backup_2026-06-07_03-00-01/gansou_db/projects.metadata.json
mongodb_backup_2026-06-07_03-00-01/gansou_db/reservations.metadata.json
mongodb_backup_2026-06-07_03-00-01/gansou_db/articles.metadata.json
mongodb_backup_2026-06-07_03-00-01/gansou_db/reservations.bson
mongodb_backup_2026-06-07_03-00-01/gansou_db/mfaconfigs.metadata.json
mongodb_backup_2026-06-07_03-00-01/gansou_db/prelude.json
mongodb_backup_2026-06-07_03-00-01/gansou_db/offers.bson
mongodb_backup_2026-06-07_03-00-01/gansou_db/authidentitysecurities.bson
mongodb_backup_2026-06-07_03-00-01/gansou_db/authidentities.metadata.json
mongodb_backup_2026-06-07_03-00-01/gansou_db/tags.metadata.json
mongodb_backup_2026-06-07_03-00-01/gansou_db/articles.bson
mongodb_backup_2026-06-07_03-00-01/gansou_db/messages.metadata.json
mongodb_backup_2026-06-07_03-00-01/gansou_db/messages.bson
mongodb_backup_2026-06-07_03-00-01/gansou_db/authsessions.metadata.json
mongodb_backup_2026-06-07_03-00-01/gansou_db/authsecurityaudits.metadata.json
mongodb_backup_2026-06-07_03-00-01/gansou_db/authsessions.bson
mongodb_backup_2026-06-07_03-00-01/gansou_db/tags.bson
mongodb_backup_2026-06-07_03-00-01/gansou_db/sections.metadata.json
mongodb_backup_2026-06-07_03-00-01/gansou_db/admins.bson
mongodb_backup_2026-06-07_03-00-01/gansou_db/authidentities.bson
mongodb_backup_2026-06-07_03-00-01/gansou_db/admins.metadata.json
mongodb_backup_2026-06-07_03-00-01/gansou_db/authsecurityaudits.bson
mongodb_backup_2026-06-07_03-00-01/gansou_db/authsessions.metadata.json
mongodb_backup_2026-06-07_03-00-01/gansou_db/authsecurityaudits.metadata.json
mongodb_backup_2026-06-07_03-00-01/gansou_db/authsessions.bson
mongodb_backup_2026-06-07_03-00-01/gansou_db/tags.bson
mongodb_backup_2026-06-07_03-00-01/gansou_db/sections.metadata.json
mongodb_backup_2026-06-07_03-00-01/gansou_db/admins.bson
mongodb_backup_2026-06-07_03-00-01/gansou_db/authidentities.bson
mongodb_backup_2026-06-07_03-00-01/gansou_db/admins.metadata.json
mongodb_backup_2026-06-07_03-00-01/gansou_db/authsecurityaudits.bson
2026-06-07 03:00:01 [[0;32mSUCCESS[0m] Backup compresse: /root/MaisonGANSOU/backups/mongodb/mongodb_backup_2026-06-07_03-00-01.tar.gz (24K)
2026-06-07 03:00:01 [[0;32mSUCCESS[0m] Backup compresse: /root/MaisonGANSOU/backups/mongodb/mongodb_backup_2026-06-07_03-00-01.tar.gz (24K)
2026-06-07 03:00:01 [[1;33mWARNING[0m] Configuration S3 incomplete. Backup local uniquement.
2026-06-07 03:00:01 [[1;33mWARNING[0m] Configuration S3 incomplete. Backup local uniquement.
2026-06-07 03:00:01 [[1;33mWARNING[0m] Configurez les variables AWS dans /root/MaisonGANSOU/backend/.env
2026-06-07 03:00:01 [[1;33mWARNING[0m] Configurez les variables AWS dans /root/MaisonGANSOU/backend/.env
2026-06-07 03:00:01 [INFO] Nettoyage des anciens backups (> 30 jours)...
2026-06-07 03:00:01 [INFO] Nettoyage des anciens backups (> 30 jours)...
2026-06-07 03:00:01 [INFO] 1 ancien(s) backup(s) supprime(s)
2026-06-07 03:00:01 [INFO] 1 ancien(s) backup(s) supprime(s)
2026-06-07 03:00:01 [INFO] ==========================================
2026-06-07 03:00:01 [INFO] ==========================================
2026-06-07 03:00:01 [[0;32mSUCCESS[0m] Sauvegarde terminee avec succes!
2026-06-07 03:00:01 [[0;32mSUCCESS[0m] Sauvegarde terminee avec succes!
2026-06-07 03:00:01 [INFO] Fichier local: /root/MaisonGANSOU/backups/mongodb/mongodb_backup_2026-06-07_03-00-01.tar.gz
2026-06-07 03:00:01 [INFO] Fichier local: /root/MaisonGANSOU/backups/mongodb/mongodb_backup_2026-06-07_03-00-01.tar.gz
2026-06-07 03:00:01 [INFO] Taille: 24K
2026-06-07 03:00:01 [INFO] Taille: 24K
2026-06-07 03:00:01 [INFO] ==========================================
2026-06-07 03:00:01 [INFO] ==========================================
2026-06-07 03:00:01 [INFO] Backups disponibles:
2026-06-07 03:00:01 [INFO] Backups disponibles:
-rw-r--r-- 1 root root 19K May 10 03:00 /root/MaisonGANSOU/backups/mongodb/mongodb_backup_2026-05-10_03-00-01.tar.gz
-rw-r--r-- 1 root root 20K May 17 03:00 /root/MaisonGANSOU/backups/mongodb/mongodb_backup_2026-05-17_03-00-01.tar.gz
-rw-r--r-- 1 root root 20K May 24 03:00 /root/MaisonGANSOU/backups/mongodb/mongodb_backup_2026-05-24_03-00-01.tar.gz
-rw-r--r-- 1 root root 20K May 31 03:00 /root/MaisonGANSOU/backups/mongodb/mongodb_backup_2026-05-31_03-00-01.tar.gz
-rw-r--r-- 1 root root 22K Jun  7 03:00 /root/MaisonGANSOU/backups/mongodb/mongodb_backup_2026-06-07_03-00-01.tar.gz
-rw-r--r-- 1 root root 19K May 10 03:00 /root/MaisonGANSOU/backups/mongodb/mongodb_backup_2026-05-10_03-00-01.tar.gz
-rw-r--r-- 1 root root 20K May 17 03:00 /root/MaisonGANSOU/backups/mongodb/mongodb_backup_2026-05-17_03-00-01.tar.gz
-rw-r--r-- 1 root root 20K May 24 03:00 /root/MaisonGANSOU/backups/mongodb/mongodb_backup_2026-05-24_03-00-01.tar.gz
-rw-r--r-- 1 root root 20K May 31 03:00 /root/MaisonGANSOU/backups/mongodb/mongodb_backup_2026-05-31_03-00-01.tar.gz
-rw-r--r-- 1 root root 22K Jun  7 03:00 /root/MaisonGANSOU/backups/mongodb/mongodb_backup_2026-06-07_03-00-01.tar.gz
2026-06-14 03:00:01 [INFO] ==========================================
2026-06-14 03:00:01 [INFO] ==========================================
2026-06-14 03:00:01 [INFO] Demarrage de la sauvegarde MongoDB
2026-06-14 03:00:01 [INFO] Demarrage de la sauvegarde MongoDB
2026-06-14 03:00:01 [INFO] ==========================================
2026-06-14 03:00:01 [INFO] ==========================================
2026-06-14 03:00:01 [INFO] Container MongoDB detecte: maison-mongodb
2026-06-14 03:00:01 [INFO] Container MongoDB detecte: maison-mongodb
2026-06-14 03:00:01 [INFO] Creation du dump MongoDB...
2026-06-14 03:00:01 [INFO] Creation du dump MongoDB...
2026-06-14T03:00:01.397+0000	writing gansou_db.authsecurityaudits to /tmp/mongodb_backup_2026-06-14_03-00-01/gansou_db/authsecurityaudits.bson
2026-06-14T03:00:01.397+0000	writing gansou_db.reservations to /tmp/mongodb_backup_2026-06-14_03-00-01/gansou_db/reservations.bson
2026-06-14T03:00:01.397+0000	writing gansou_db.authsecurityaudits to /tmp/mongodb_backup_2026-06-14_03-00-01/gansou_db/authsecurityaudits.bson
2026-06-14T03:00:01.397+0000	writing gansou_db.reservations to /tmp/mongodb_backup_2026-06-14_03-00-01/gansou_db/reservations.bson
2026-06-14T03:00:01.398+0000	writing gansou_db.authsessions to /tmp/mongodb_backup_2026-06-14_03-00-01/gansou_db/authsessions.bson
2026-06-14T03:00:01.398+0000	writing gansou_db.authsessions to /tmp/mongodb_backup_2026-06-14_03-00-01/gansou_db/authsessions.bson
2026-06-14T03:00:01.398+0000	writing gansou_db.projects to /tmp/mongodb_backup_2026-06-14_03-00-01/gansou_db/projects.bson
2026-06-14T03:00:01.398+0000	writing gansou_db.projects to /tmp/mongodb_backup_2026-06-14_03-00-01/gansou_db/projects.bson
2026-06-14T03:00:01.405+0000	done dumping gansou_db.authsessions (21 documents)
2026-06-14T03:00:01.405+0000	writing gansou_db.messages to /tmp/mongodb_backup_2026-06-14_03-00-01/gansou_db/messages.bson
2026-06-14T03:00:01.405+0000	done dumping gansou_db.authsessions (21 documents)
2026-06-14T03:00:01.405+0000	writing gansou_db.messages to /tmp/mongodb_backup_2026-06-14_03-00-01/gansou_db/messages.bson
2026-06-14T03:00:01.406+0000	done dumping gansou_db.projects (15 documents)
2026-06-14T03:00:01.407+0000	writing gansou_db.authidentitysecurities to /tmp/mongodb_backup_2026-06-14_03-00-01/gansou_db/authidentitysecurities.bson
2026-06-14T03:00:01.406+0000	done dumping gansou_db.projects (15 documents)
2026-06-14T03:00:01.407+0000	writing gansou_db.authidentitysecurities to /tmp/mongodb_backup_2026-06-14_03-00-01/gansou_db/authidentitysecurities.bson
2026-06-14T03:00:01.410+0000	done dumping gansou_db.authsecurityaudits (45 documents)
2026-06-14T03:00:01.410+0000	writing gansou_db.offers to /tmp/mongodb_backup_2026-06-14_03-00-01/gansou_db/offers.bson
2026-06-14T03:00:01.410+0000	done dumping gansou_db.authsecurityaudits (45 documents)
2026-06-14T03:00:01.410+0000	writing gansou_db.offers to /tmp/mongodb_backup_2026-06-14_03-00-01/gansou_db/offers.bson
2026-06-14T03:00:01.412+0000	done dumping gansou_db.reservations (25 documents)
2026-06-14T03:00:01.412+0000	writing gansou_db.tags to /tmp/mongodb_backup_2026-06-14_03-00-01/gansou_db/tags.bson
2026-06-14T03:00:01.412+0000	done dumping gansou_db.reservations (25 documents)
2026-06-14T03:00:01.412+0000	writing gansou_db.tags to /tmp/mongodb_backup_2026-06-14_03-00-01/gansou_db/tags.bson
2026-06-14T03:00:01.414+0000	done dumping gansou_db.messages (12 documents)
2026-06-14T03:00:01.414+0000	done dumping gansou_db.messages (12 documents)
2026-06-14T03:00:01.414+0000	writing gansou_db.authidentities to /tmp/mongodb_backup_2026-06-14_03-00-01/gansou_db/authidentities.bson
2026-06-14T03:00:01.414+0000	writing gansou_db.authidentities to /tmp/mongodb_backup_2026-06-14_03-00-01/gansou_db/authidentities.bson
2026-06-14T03:00:01.416+0000	done dumping gansou_db.authidentitysecurities (4 documents)
2026-06-14T03:00:01.416+0000	writing gansou_db.admins to /tmp/mongodb_backup_2026-06-14_03-00-01/gansou_db/admins.bson
2026-06-14T03:00:01.416+0000	done dumping gansou_db.authidentitysecurities (4 documents)
2026-06-14T03:00:01.416+0000	writing gansou_db.admins to /tmp/mongodb_backup_2026-06-14_03-00-01/gansou_db/admins.bson
2026-06-14T03:00:01.418+0000	done dumping gansou_db.offers (4 documents)
2026-06-14T03:00:01.418+0000	done dumping gansou_db.offers (4 documents)
2026-06-14T03:00:01.418+0000	writing gansou_db.mfaconfigs to /tmp/mongodb_backup_2026-06-14_03-00-01/gansou_db/mfaconfigs.bson
2026-06-14T03:00:01.418+0000	writing gansou_db.mfaconfigs to /tmp/mongodb_backup_2026-06-14_03-00-01/gansou_db/mfaconfigs.bson
2026-06-14T03:00:01.419+0000	done dumping gansou_db.tags (3 documents)
2026-06-14T03:00:01.419+0000	done dumping gansou_db.tags (3 documents)
2026-06-14T03:00:01.419+0000	writing gansou_db.articles to /tmp/mongodb_backup_2026-06-14_03-00-01/gansou_db/articles.bson
2026-06-14T03:00:01.419+0000	writing gansou_db.articles to /tmp/mongodb_backup_2026-06-14_03-00-01/gansou_db/articles.bson
2026-06-14T03:00:01.421+0000	done dumping gansou_db.authidentities (3 documents)
2026-06-14T03:00:01.421+0000	writing gansou_db.sections to /tmp/mongodb_backup_2026-06-14_03-00-01/gansou_db/sections.bson
2026-06-14T03:00:01.421+0000	done dumping gansou_db.authidentities (3 documents)
2026-06-14T03:00:01.421+0000	writing gansou_db.sections to /tmp/mongodb_backup_2026-06-14_03-00-01/gansou_db/sections.bson
2026-06-14T03:00:01.422+0000	done dumping gansou_db.admins (3 documents)
2026-06-14T03:00:01.422+0000	done dumping gansou_db.admins (3 documents)
2026-06-14T03:00:01.424+0000	done dumping gansou_db.mfaconfigs (0 documents)
2026-06-14T03:00:01.424+0000	done dumping gansou_db.mfaconfigs (0 documents)
2026-06-14T03:00:01.425+0000	done dumping gansou_db.sections (0 documents)
2026-06-14T03:00:01.425+0000	done dumping gansou_db.sections (0 documents)
2026-06-14T03:00:01.426+0000	done dumping gansou_db.articles (0 documents)
2026-06-14T03:00:01.426+0000	done dumping gansou_db.articles (0 documents)
2026-06-14 03:00:01 [[0;32mSUCCESS[0m] Dump MongoDB cree avec succes
2026-06-14 03:00:01 [[0;32mSUCCESS[0m] Dump MongoDB cree avec succes
2026-06-14 03:00:01 [INFO] Compression du backup...
2026-06-14 03:00:01 [INFO] Compression du backup...
mongodb_backup_2026-06-14_03-00-01/
mongodb_backup_2026-06-14_03-00-01/gansou_db/
mongodb_backup_2026-06-14_03-00-01/gansou_db/offers.metadata.json
mongodb_backup_2026-06-14_03-00-01/gansou_db/sections.bson
mongodb_backup_2026-06-14_03-00-01/gansou_db/mfaconfigs.bson
mongodb_backup_2026-06-14_03-00-01/gansou_db/authidentitysecurities.metadata.json
mongodb_backup_2026-06-14_03-00-01/gansou_db/projects.bson
mongodb_backup_2026-06-14_03-00-01/gansou_db/projects.metadata.json
mongodb_backup_2026-06-14_03-00-01/gansou_db/reservations.metadata.json
mongodb_backup_2026-06-14_03-00-01/gansou_db/articles.metadata.json
mongodb_backup_2026-06-14_03-00-01/gansou_db/reservations.bson
mongodb_backup_2026-06-14_03-00-01/gansou_db/mfaconfigs.metadata.json
mongodb_backup_2026-06-14_03-00-01/gansou_db/prelude.json
mongodb_backup_2026-06-14_03-00-01/gansou_db/offers.bson
mongodb_backup_2026-06-14_03-00-01/gansou_db/authidentitysecurities.bson
mongodb_backup_2026-06-14_03-00-01/gansou_db/authidentities.metadata.json
mongodb_backup_2026-06-14_03-00-01/gansou_db/tags.metadata.json
mongodb_backup_2026-06-14_03-00-01/gansou_db/articles.bson
mongodb_backup_2026-06-14_03-00-01/gansou_db/messages.metadata.json
mongodb_backup_2026-06-14_03-00-01/gansou_db/messages.bson
mongodb_backup_2026-06-14_03-00-01/
mongodb_backup_2026-06-14_03-00-01/gansou_db/
mongodb_backup_2026-06-14_03-00-01/gansou_db/offers.metadata.json
mongodb_backup_2026-06-14_03-00-01/gansou_db/sections.bson
mongodb_backup_2026-06-14_03-00-01/gansou_db/mfaconfigs.bson
mongodb_backup_2026-06-14_03-00-01/gansou_db/authidentitysecurities.metadata.json
mongodb_backup_2026-06-14_03-00-01/gansou_db/projects.bson
mongodb_backup_2026-06-14_03-00-01/gansou_db/projects.metadata.json
mongodb_backup_2026-06-14_03-00-01/gansou_db/reservations.metadata.json
mongodb_backup_2026-06-14_03-00-01/gansou_db/articles.metadata.json
mongodb_backup_2026-06-14_03-00-01/gansou_db/reservations.bson
mongodb_backup_2026-06-14_03-00-01/gansou_db/mfaconfigs.metadata.json
mongodb_backup_2026-06-14_03-00-01/gansou_db/prelude.json
mongodb_backup_2026-06-14_03-00-01/gansou_db/offers.bson
mongodb_backup_2026-06-14_03-00-01/gansou_db/authidentitysecurities.bson
mongodb_backup_2026-06-14_03-00-01/gansou_db/authidentities.metadata.json
mongodb_backup_2026-06-14_03-00-01/gansou_db/tags.metadata.json
mongodb_backup_2026-06-14_03-00-01/gansou_db/articles.bson
mongodb_backup_2026-06-14_03-00-01/gansou_db/messages.metadata.json
mongodb_backup_2026-06-14_03-00-01/gansou_db/messages.bson
mongodb_backup_2026-06-14_03-00-01/gansou_db/authsessions.metadata.json
mongodb_backup_2026-06-14_03-00-01/gansou_db/authsecurityaudits.metadata.json
mongodb_backup_2026-06-14_03-00-01/gansou_db/authsessions.bson
mongodb_backup_2026-06-14_03-00-01/gansou_db/tags.bson
mongodb_backup_2026-06-14_03-00-01/gansou_db/sections.metadata.json
mongodb_backup_2026-06-14_03-00-01/gansou_db/admins.bson
mongodb_backup_2026-06-14_03-00-01/gansou_db/authidentities.bson
mongodb_backup_2026-06-14_03-00-01/gansou_db/admins.metadata.json
mongodb_backup_2026-06-14_03-00-01/gansou_db/authsecurityaudits.bson
mongodb_backup_2026-06-14_03-00-01/gansou_db/authsessions.metadata.json
mongodb_backup_2026-06-14_03-00-01/gansou_db/authsecurityaudits.metadata.json
mongodb_backup_2026-06-14_03-00-01/gansou_db/authsessions.bson
mongodb_backup_2026-06-14_03-00-01/gansou_db/tags.bson
mongodb_backup_2026-06-14_03-00-01/gansou_db/sections.metadata.json
mongodb_backup_2026-06-14_03-00-01/gansou_db/admins.bson
mongodb_backup_2026-06-14_03-00-01/gansou_db/authidentities.bson
mongodb_backup_2026-06-14_03-00-01/gansou_db/admins.metadata.json
mongodb_backup_2026-06-14_03-00-01/gansou_db/authsecurityaudits.bson
2026-06-14 03:00:01 [[0;32mSUCCESS[0m] Backup compresse: /root/MaisonGANSOU/backups/mongodb/mongodb_backup_2026-06-14_03-00-01.tar.gz (24K)
2026-06-14 03:00:01 [[0;32mSUCCESS[0m] Backup compresse: /root/MaisonGANSOU/backups/mongodb/mongodb_backup_2026-06-14_03-00-01.tar.gz (24K)
2026-06-14 03:00:01 [[1;33mWARNING[0m] Configuration S3 incomplete. Backup local uniquement.
2026-06-14 03:00:01 [[1;33mWARNING[0m] Configuration S3 incomplete. Backup local uniquement.
2026-06-14 03:00:01 [[1;33mWARNING[0m] Configurez les variables AWS dans /root/MaisonGANSOU/backend/.env
2026-06-14 03:00:01 [[1;33mWARNING[0m] Configurez les variables AWS dans /root/MaisonGANSOU/backend/.env
2026-06-14 03:00:01 [INFO] Nettoyage des anciens backups (> 30 jours)...
2026-06-14 03:00:01 [INFO] Nettoyage des anciens backups (> 30 jours)...
2026-06-14 03:00:01 [INFO] 1 ancien(s) backup(s) supprime(s)
2026-06-14 03:00:01 [INFO] 1 ancien(s) backup(s) supprime(s)
2026-06-14 03:00:01 [INFO] ==========================================
2026-06-14 03:00:01 [INFO] ==========================================
2026-06-14 03:00:01 [[0;32mSUCCESS[0m] Sauvegarde terminee avec succes!
2026-06-14 03:00:01 [[0;32mSUCCESS[0m] Sauvegarde terminee avec succes!
2026-06-14 03:00:01 [INFO] Fichier local: /root/MaisonGANSOU/backups/mongodb/mongodb_backup_2026-06-14_03-00-01.tar.gz
2026-06-14 03:00:01 [INFO] Fichier local: /root/MaisonGANSOU/backups/mongodb/mongodb_backup_2026-06-14_03-00-01.tar.gz
2026-06-14 03:00:01 [INFO] Taille: 24K
2026-06-14 03:00:01 [INFO] Taille: 24K
2026-06-14 03:00:01 [INFO] ==========================================
2026-06-14 03:00:01 [INFO] ==========================================
2026-06-14 03:00:01 [INFO] Backups disponibles:
2026-06-14 03:00:01 [INFO] Backups disponibles:
-rw-r--r-- 1 root root 20K May 17 03:00 /root/MaisonGANSOU/backups/mongodb/mongodb_backup_2026-05-17_03-00-01.tar.gz
-rw-r--r-- 1 root root 20K May 24 03:00 /root/MaisonGANSOU/backups/mongodb/mongodb_backup_2026-05-24_03-00-01.tar.gz
-rw-r--r-- 1 root root 20K May 31 03:00 /root/MaisonGANSOU/backups/mongodb/mongodb_backup_2026-05-31_03-00-01.tar.gz
-rw-r--r-- 1 root root 22K Jun  7 03:00 /root/MaisonGANSOU/backups/mongodb/mongodb_backup_2026-06-07_03-00-01.tar.gz
-rw-r--r-- 1 root root 22K Jun 14 03:00 /root/MaisonGANSOU/backups/mongodb/mongodb_backup_2026-06-14_03-00-01.tar.gz
-rw-r--r-- 1 root root 20K May 17 03:00 /root/MaisonGANSOU/backups/mongodb/mongodb_backup_2026-05-17_03-00-01.tar.gz
-rw-r--r-- 1 root root 20K May 24 03:00 /root/MaisonGANSOU/backups/mongodb/mongodb_backup_2026-05-24_03-00-01.tar.gz
-rw-r--r-- 1 root root 20K May 31 03:00 /root/MaisonGANSOU/backups/mongodb/mongodb_backup_2026-05-31_03-00-01.tar.gz
-rw-r--r-- 1 root root 22K Jun  7 03:00 /root/MaisonGANSOU/backups/mongodb/mongodb_backup_2026-06-07_03-00-01.tar.gz
-rw-r--r-- 1 root root 22K Jun 14 03:00 /root/MaisonGANSOU/backups/mongodb/mongodb_backup_2026-06-14_03-00-01.tar.gz
2026-06-21 03:00:01 [INFO] ==========================================
2026-06-21 03:00:01 [INFO] ==========================================
2026-06-21 03:00:01 [INFO] Demarrage de la sauvegarde MongoDB
2026-06-21 03:00:01 [INFO] Demarrage de la sauvegarde MongoDB
2026-06-21 03:00:01 [INFO] ==========================================
2026-06-21 03:00:01 [INFO] ==========================================
2026-06-21 03:00:01 [INFO] Container MongoDB detecte: maison-mongodb
2026-06-21 03:00:01 [INFO] Container MongoDB detecte: maison-mongodb
2026-06-21 03:00:01 [INFO] Creation du dump MongoDB...
2026-06-21 03:00:01 [INFO] Creation du dump MongoDB...
2026-06-21T03:00:01.550+0000	writing gansou_db.reservations to /tmp/mongodb_backup_2026-06-21_03-00-01/gansou_db/reservations.bson
2026-06-21T03:00:01.551+0000	writing gansou_db.authsecurityaudits to /tmp/mongodb_backup_2026-06-21_03-00-01/gansou_db/authsecurityaudits.bson
2026-06-21T03:00:01.550+0000	writing gansou_db.reservations to /tmp/mongodb_backup_2026-06-21_03-00-01/gansou_db/reservations.bson
2026-06-21T03:00:01.551+0000	writing gansou_db.authsecurityaudits to /tmp/mongodb_backup_2026-06-21_03-00-01/gansou_db/authsecurityaudits.bson
2026-06-21T03:00:01.552+0000	writing gansou_db.authsessions to /tmp/mongodb_backup_2026-06-21_03-00-01/gansou_db/authsessions.bson
2026-06-21T03:00:01.552+0000	writing gansou_db.authsessions to /tmp/mongodb_backup_2026-06-21_03-00-01/gansou_db/authsessions.bson
2026-06-21T03:00:01.553+0000	writing gansou_db.projects to /tmp/mongodb_backup_2026-06-21_03-00-01/gansou_db/projects.bson
2026-06-21T03:00:01.553+0000	writing gansou_db.projects to /tmp/mongodb_backup_2026-06-21_03-00-01/gansou_db/projects.bson
2026-06-21T03:00:01.559+0000	done dumping gansou_db.authsessions (23 documents)
2026-06-21T03:00:01.559+0000	writing gansou_db.messages to /tmp/mongodb_backup_2026-06-21_03-00-01/gansou_db/messages.bson
2026-06-21T03:00:01.559+0000	done dumping gansou_db.authsessions (23 documents)
2026-06-21T03:00:01.559+0000	writing gansou_db.messages to /tmp/mongodb_backup_2026-06-21_03-00-01/gansou_db/messages.bson
2026-06-21T03:00:01.560+0000	done dumping gansou_db.reservations (26 documents)
2026-06-21T03:00:01.560+0000	writing gansou_db.authidentitysecurities to /tmp/mongodb_backup_2026-06-21_03-00-01/gansou_db/authidentitysecurities.bson
2026-06-21T03:00:01.560+0000	done dumping gansou_db.reservations (26 documents)
2026-06-21T03:00:01.560+0000	writing gansou_db.authidentitysecurities to /tmp/mongodb_backup_2026-06-21_03-00-01/gansou_db/authidentitysecurities.bson
2026-06-21T03:00:01.561+0000	done dumping gansou_db.projects (15 documents)
2026-06-21T03:00:01.561+0000	writing gansou_db.offers to /tmp/mongodb_backup_2026-06-21_03-00-01/gansou_db/offers.bson
2026-06-21T03:00:01.561+0000	done dumping gansou_db.projects (15 documents)
2026-06-21T03:00:01.561+0000	writing gansou_db.offers to /tmp/mongodb_backup_2026-06-21_03-00-01/gansou_db/offers.bson
2026-06-21T03:00:01.562+0000	done dumping gansou_db.messages (12 documents)
2026-06-21T03:00:01.562+0000	writing gansou_db.tags to /tmp/mongodb_backup_2026-06-21_03-00-01/gansou_db/tags.bson
2026-06-21T03:00:01.562+0000	done dumping gansou_db.messages (12 documents)
2026-06-21T03:00:01.562+0000	writing gansou_db.tags to /tmp/mongodb_backup_2026-06-21_03-00-01/gansou_db/tags.bson
2026-06-21T03:00:01.564+0000	done dumping gansou_db.authidentitysecurities (4 documents)
2026-06-21T03:00:01.564+0000	writing gansou_db.authidentities to /tmp/mongodb_backup_2026-06-21_03-00-01/gansou_db/authidentities.bson
2026-06-21T03:00:01.564+0000	done dumping gansou_db.authidentitysecurities (4 documents)
2026-06-21T03:00:01.564+0000	writing gansou_db.authidentities to /tmp/mongodb_backup_2026-06-21_03-00-01/gansou_db/authidentities.bson
2026-06-21T03:00:01.565+0000	done dumping gansou_db.offers (4 documents)
2026-06-21T03:00:01.565+0000	writing gansou_db.admins to /tmp/mongodb_backup_2026-06-21_03-00-01/gansou_db/admins.bson
2026-06-21T03:00:01.565+0000	done dumping gansou_db.offers (4 documents)
2026-06-21T03:00:01.565+0000	writing gansou_db.admins to /tmp/mongodb_backup_2026-06-21_03-00-01/gansou_db/admins.bson
2026-06-21T03:00:01.565+0000	done dumping gansou_db.authsecurityaudits (49 documents)
2026-06-21T03:00:01.565+0000	done dumping gansou_db.authsecurityaudits (49 documents)
2026-06-21T03:00:01.566+0000	writing gansou_db.mfaconfigs to /tmp/mongodb_backup_2026-06-21_03-00-01/gansou_db/mfaconfigs.bson
2026-06-21T03:00:01.566+0000	writing gansou_db.mfaconfigs to /tmp/mongodb_backup_2026-06-21_03-00-01/gansou_db/mfaconfigs.bson
2026-06-21T03:00:01.567+0000	done dumping gansou_db.tags (3 documents)
2026-06-21T03:00:01.567+0000	writing gansou_db.articles to /tmp/mongodb_backup_2026-06-21_03-00-01/gansou_db/articles.bson
2026-06-21T03:00:01.567+0000	done dumping gansou_db.tags (3 documents)
2026-06-21T03:00:01.567+0000	writing gansou_db.articles to /tmp/mongodb_backup_2026-06-21_03-00-01/gansou_db/articles.bson
2026-06-21T03:00:01.567+0000	done dumping gansou_db.mfaconfigs (0 documents)
2026-06-21T03:00:01.567+0000	writing gansou_db.sections to /tmp/mongodb_backup_2026-06-21_03-00-01/gansou_db/sections.bson
2026-06-21T03:00:01.567+0000	done dumping gansou_db.mfaconfigs (0 documents)
2026-06-21T03:00:01.567+0000	writing gansou_db.sections to /tmp/mongodb_backup_2026-06-21_03-00-01/gansou_db/sections.bson
2026-06-21T03:00:01.568+0000	done dumping gansou_db.authidentities (3 documents)
2026-06-21T03:00:01.568+0000	done dumping gansou_db.authidentities (3 documents)
2026-06-21T03:00:01.568+0000	done dumping gansou_db.admins (3 documents)
2026-06-21T03:00:01.568+0000	done dumping gansou_db.admins (3 documents)
2026-06-21T03:00:01.568+0000	done dumping gansou_db.articles (0 documents)
2026-06-21T03:00:01.568+0000	done dumping gansou_db.articles (0 documents)
2026-06-21T03:00:01.569+0000	done dumping gansou_db.sections (0 documents)
2026-06-21T03:00:01.569+0000	done dumping gansou_db.sections (0 documents)
2026-06-21 03:00:01 [[0;32mSUCCESS[0m] Dump MongoDB cree avec succes
2026-06-21 03:00:01 [[0;32mSUCCESS[0m] Dump MongoDB cree avec succes
2026-06-21 03:00:01 [INFO] Compression du backup...
2026-06-21 03:00:01 [INFO] Compression du backup...
mongodb_backup_2026-06-21_03-00-01/
mongodb_backup_2026-06-21_03-00-01/gansou_db/
mongodb_backup_2026-06-21_03-00-01/gansou_db/offers.metadata.json
mongodb_backup_2026-06-21_03-00-01/gansou_db/sections.bson
mongodb_backup_2026-06-21_03-00-01/gansou_db/mfaconfigs.bson
mongodb_backup_2026-06-21_03-00-01/gansou_db/authidentitysecurities.metadata.json
mongodb_backup_2026-06-21_03-00-01/gansou_db/projects.bson
mongodb_backup_2026-06-21_03-00-01/gansou_db/projects.metadata.json
mongodb_backup_2026-06-21_03-00-01/gansou_db/reservations.metadata.json
mongodb_backup_2026-06-21_03-00-01/gansou_db/articles.metadata.json
mongodb_backup_2026-06-21_03-00-01/gansou_db/reservations.bson
mongodb_backup_2026-06-21_03-00-01/gansou_db/mfaconfigs.metadata.json
mongodb_backup_2026-06-21_03-00-01/gansou_db/prelude.json
mongodb_backup_2026-06-21_03-00-01/gansou_db/offers.bson
mongodb_backup_2026-06-21_03-00-01/gansou_db/authidentitysecurities.bson
mongodb_backup_2026-06-21_03-00-01/gansou_db/authidentities.metadata.json
mongodb_backup_2026-06-21_03-00-01/gansou_db/tags.metadata.json
mongodb_backup_2026-06-21_03-00-01/gansou_db/articles.bson
mongodb_backup_2026-06-21_03-00-01/gansou_db/messages.metadata.json
mongodb_backup_2026-06-21_03-00-01/gansou_db/messages.bson
mongodb_backup_2026-06-21_03-00-01/
mongodb_backup_2026-06-21_03-00-01/gansou_db/
mongodb_backup_2026-06-21_03-00-01/gansou_db/offers.metadata.json
mongodb_backup_2026-06-21_03-00-01/gansou_db/sections.bson
mongodb_backup_2026-06-21_03-00-01/gansou_db/mfaconfigs.bson
mongodb_backup_2026-06-21_03-00-01/gansou_db/authidentitysecurities.metadata.json
mongodb_backup_2026-06-21_03-00-01/gansou_db/projects.bson
mongodb_backup_2026-06-21_03-00-01/gansou_db/projects.metadata.json
mongodb_backup_2026-06-21_03-00-01/gansou_db/reservations.metadata.json
mongodb_backup_2026-06-21_03-00-01/gansou_db/articles.metadata.json
mongodb_backup_2026-06-21_03-00-01/gansou_db/reservations.bson
mongodb_backup_2026-06-21_03-00-01/gansou_db/mfaconfigs.metadata.json
mongodb_backup_2026-06-21_03-00-01/gansou_db/prelude.json
mongodb_backup_2026-06-21_03-00-01/gansou_db/offers.bson
mongodb_backup_2026-06-21_03-00-01/gansou_db/authidentitysecurities.bson
mongodb_backup_2026-06-21_03-00-01/gansou_db/authidentities.metadata.json
mongodb_backup_2026-06-21_03-00-01/gansou_db/tags.metadata.json
mongodb_backup_2026-06-21_03-00-01/gansou_db/articles.bson
mongodb_backup_2026-06-21_03-00-01/gansou_db/messages.metadata.json
mongodb_backup_2026-06-21_03-00-01/gansou_db/messages.bson
mongodb_backup_2026-06-21_03-00-01/gansou_db/authsessions.metadata.json
mongodb_backup_2026-06-21_03-00-01/gansou_db/authsecurityaudits.metadata.json
mongodb_backup_2026-06-21_03-00-01/gansou_db/authsessions.bson
mongodb_backup_2026-06-21_03-00-01/gansou_db/tags.bson
mongodb_backup_2026-06-21_03-00-01/gansou_db/sections.metadata.json
mongodb_backup_2026-06-21_03-00-01/gansou_db/admins.bson
mongodb_backup_2026-06-21_03-00-01/gansou_db/authidentities.bson
mongodb_backup_2026-06-21_03-00-01/gansou_db/admins.metadata.json
mongodb_backup_2026-06-21_03-00-01/gansou_db/authsecurityaudits.bson
mongodb_backup_2026-06-21_03-00-01/gansou_db/authsessions.metadata.json
mongodb_backup_2026-06-21_03-00-01/gansou_db/authsecurityaudits.metadata.json
mongodb_backup_2026-06-21_03-00-01/gansou_db/authsessions.bson
mongodb_backup_2026-06-21_03-00-01/gansou_db/tags.bson
mongodb_backup_2026-06-21_03-00-01/gansou_db/sections.metadata.json
mongodb_backup_2026-06-21_03-00-01/gansou_db/admins.bson
mongodb_backup_2026-06-21_03-00-01/gansou_db/authidentities.bson
mongodb_backup_2026-06-21_03-00-01/gansou_db/admins.metadata.json
mongodb_backup_2026-06-21_03-00-01/gansou_db/authsecurityaudits.bson
2026-06-21 03:00:01 [[0;32mSUCCESS[0m] Backup compresse: /root/MaisonGANSOU/backups/mongodb/mongodb_backup_2026-06-21_03-00-01.tar.gz (24K)
2026-06-21 03:00:01 [[0;32mSUCCESS[0m] Backup compresse: /root/MaisonGANSOU/backups/mongodb/mongodb_backup_2026-06-21_03-00-01.tar.gz (24K)
2026-06-21 03:00:01 [[1;33mWARNING[0m] Configuration S3 incomplete. Backup local uniquement.
2026-06-21 03:00:01 [[1;33mWARNING[0m] Configuration S3 incomplete. Backup local uniquement.
2026-06-21 03:00:01 [[1;33mWARNING[0m] Configurez les variables AWS dans /root/MaisonGANSOU/backend/.env
2026-06-21 03:00:01 [[1;33mWARNING[0m] Configurez les variables AWS dans /root/MaisonGANSOU/backend/.env
2026-06-21 03:00:01 [INFO] Nettoyage des anciens backups (> 30 jours)...
2026-06-21 03:00:01 [INFO] Nettoyage des anciens backups (> 30 jours)...
2026-06-21 03:00:01 [INFO] 1 ancien(s) backup(s) supprime(s)
2026-06-21 03:00:01 [INFO] 1 ancien(s) backup(s) supprime(s)
2026-06-21 03:00:01 [INFO] ==========================================
2026-06-21 03:00:01 [INFO] ==========================================
2026-06-21 03:00:01 [[0;32mSUCCESS[0m] Sauvegarde terminee avec succes!
2026-06-21 03:00:01 [[0;32mSUCCESS[0m] Sauvegarde terminee avec succes!
2026-06-21 03:00:01 [INFO] Fichier local: /root/MaisonGANSOU/backups/mongodb/mongodb_backup_2026-06-21_03-00-01.tar.gz
2026-06-21 03:00:01 [INFO] Fichier local: /root/MaisonGANSOU/backups/mongodb/mongodb_backup_2026-06-21_03-00-01.tar.gz
2026-06-21 03:00:01 [INFO] Taille: 24K
2026-06-21 03:00:01 [INFO] Taille: 24K
2026-06-21 03:00:01 [INFO] ==========================================
2026-06-21 03:00:01 [INFO] ==========================================
2026-06-21 03:00:01 [INFO] Backups disponibles:
2026-06-21 03:00:01 [INFO] Backups disponibles:
-rw-r--r-- 1 root root 20K May 24 03:00 /root/MaisonGANSOU/backups/mongodb/mongodb_backup_2026-05-24_03-00-01.tar.gz
-rw-r--r-- 1 root root 20K May 31 03:00 /root/MaisonGANSOU/backups/mongodb/mongodb_backup_2026-05-31_03-00-01.tar.gz
-rw-r--r-- 1 root root 22K Jun  7 03:00 /root/MaisonGANSOU/backups/mongodb/mongodb_backup_2026-06-07_03-00-01.tar.gz
-rw-r--r-- 1 root root 22K Jun 14 03:00 /root/MaisonGANSOU/backups/mongodb/mongodb_backup_2026-06-14_03-00-01.tar.gz
-rw-r--r-- 1 root root 24K Jun 21 03:00 /root/MaisonGANSOU/backups/mongodb/mongodb_backup_2026-06-21_03-00-01.tar.gz
-rw-r--r-- 1 root root 20K May 24 03:00 /root/MaisonGANSOU/backups/mongodb/mongodb_backup_2026-05-24_03-00-01.tar.gz
-rw-r--r-- 1 root root 20K May 31 03:00 /root/MaisonGANSOU/backups/mongodb/mongodb_backup_2026-05-31_03-00-01.tar.gz
-rw-r--r-- 1 root root 22K Jun  7 03:00 /root/MaisonGANSOU/backups/mongodb/mongodb_backup_2026-06-07_03-00-01.tar.gz
-rw-r--r-- 1 root root 22K Jun 14 03:00 /root/MaisonGANSOU/backups/mongodb/mongodb_backup_2026-06-14_03-00-01.tar.gz
-rw-r--r-- 1 root root 24K Jun 21 03:00 /root/MaisonGANSOU/backups/mongodb/mongodb_backup_2026-06-21_03-00-01.tar.gz
2026-06-28 03:00:01 [INFO] ==========================================
2026-06-28 03:00:01 [INFO] ==========================================
2026-06-28 03:00:01 [INFO] Demarrage de la sauvegarde MongoDB
2026-06-28 03:00:01 [INFO] Demarrage de la sauvegarde MongoDB
2026-06-28 03:00:01 [INFO] ==========================================
2026-06-28 03:00:01 [INFO] ==========================================
2026-06-28 03:00:01 [INFO] Container MongoDB detecte: maison-mongodb
2026-06-28 03:00:01 [INFO] Container MongoDB detecte: maison-mongodb
2026-06-28 03:00:01 [INFO] Creation du dump MongoDB...
2026-06-28 03:00:01 [INFO] Creation du dump MongoDB...
2026-06-28T03:00:02.195+0000	writing gansou_db.authsecurityaudits to /tmp/mongodb_backup_2026-06-28_03-00-01/gansou_db/authsecurityaudits.bson
2026-06-28T03:00:02.195+0000	writing gansou_db.authsecurityaudits to /tmp/mongodb_backup_2026-06-28_03-00-01/gansou_db/authsecurityaudits.bson
2026-06-28T03:00:02.195+0000	writing gansou_db.reservations to /tmp/mongodb_backup_2026-06-28_03-00-01/gansou_db/reservations.bson
2026-06-28T03:00:02.195+0000	writing gansou_db.reservations to /tmp/mongodb_backup_2026-06-28_03-00-01/gansou_db/reservations.bson
2026-06-28T03:00:02.196+0000	writing gansou_db.authsessions to /tmp/mongodb_backup_2026-06-28_03-00-01/gansou_db/authsessions.bson
2026-06-28T03:00:02.196+0000	writing gansou_db.authsessions to /tmp/mongodb_backup_2026-06-28_03-00-01/gansou_db/authsessions.bson
2026-06-28T03:00:02.196+0000	writing gansou_db.projects to /tmp/mongodb_backup_2026-06-28_03-00-01/gansou_db/projects.bson
2026-06-28T03:00:02.196+0000	writing gansou_db.projects to /tmp/mongodb_backup_2026-06-28_03-00-01/gansou_db/projects.bson
2026-06-28T03:00:02.206+0000	done dumping gansou_db.authsessions (23 documents)
2026-06-28T03:00:02.206+0000	writing gansou_db.messages to /tmp/mongodb_backup_2026-06-28_03-00-01/gansou_db/messages.bson
2026-06-28T03:00:02.206+0000	done dumping gansou_db.authsessions (23 documents)
2026-06-28T03:00:02.206+0000	writing gansou_db.messages to /tmp/mongodb_backup_2026-06-28_03-00-01/gansou_db/messages.bson
2026-06-28T03:00:02.207+0000	done dumping gansou_db.authsecurityaudits (49 documents)
2026-06-28T03:00:02.207+0000	writing gansou_db.authidentitysecurities to /tmp/mongodb_backup_2026-06-28_03-00-01/gansou_db/authidentitysecurities.bson
2026-06-28T03:00:02.207+0000	done dumping gansou_db.authsecurityaudits (49 documents)
2026-06-28T03:00:02.207+0000	writing gansou_db.authidentitysecurities to /tmp/mongodb_backup_2026-06-28_03-00-01/gansou_db/authidentitysecurities.bson
2026-06-28T03:00:02.208+0000	done dumping gansou_db.reservations (26 documents)
2026-06-28T03:00:02.208+0000	done dumping gansou_db.reservations (26 documents)
2026-06-28T03:00:02.208+0000	writing gansou_db.offers to /tmp/mongodb_backup_2026-06-28_03-00-01/gansou_db/offers.bson
2026-06-28T03:00:02.208+0000	writing gansou_db.offers to /tmp/mongodb_backup_2026-06-28_03-00-01/gansou_db/offers.bson
2026-06-28T03:00:02.212+0000	done dumping gansou_db.authidentitysecurities (4 documents)
2026-06-28T03:00:02.212+0000	writing gansou_db.tags to /tmp/mongodb_backup_2026-06-28_03-00-01/gansou_db/tags.bson
2026-06-28T03:00:02.212+0000	done dumping gansou_db.authidentitysecurities (4 documents)
2026-06-28T03:00:02.212+0000	writing gansou_db.tags to /tmp/mongodb_backup_2026-06-28_03-00-01/gansou_db/tags.bson
2026-06-28T03:00:02.214+0000	done dumping gansou_db.projects (15 documents)
2026-06-28T03:00:02.214+0000	writing gansou_db.authidentities to /tmp/mongodb_backup_2026-06-28_03-00-01/gansou_db/authidentities.bson
2026-06-28T03:00:02.214+0000	done dumping gansou_db.projects (15 documents)
2026-06-28T03:00:02.214+0000	writing gansou_db.authidentities to /tmp/mongodb_backup_2026-06-28_03-00-01/gansou_db/authidentities.bson
2026-06-28T03:00:02.214+0000	done dumping gansou_db.messages (12 documents)
2026-06-28T03:00:02.214+0000	writing gansou_db.admins to /tmp/mongodb_backup_2026-06-28_03-00-01/gansou_db/admins.bson
2026-06-28T03:00:02.214+0000	done dumping gansou_db.messages (12 documents)
2026-06-28T03:00:02.214+0000	writing gansou_db.admins to /tmp/mongodb_backup_2026-06-28_03-00-01/gansou_db/admins.bson
2026-06-28T03:00:02.215+0000	done dumping gansou_db.offers (4 documents)
2026-06-28T03:00:02.215+0000	writing gansou_db.mfaconfigs to /tmp/mongodb_backup_2026-06-28_03-00-01/gansou_db/mfaconfigs.bson
2026-06-28T03:00:02.215+0000	done dumping gansou_db.offers (4 documents)
2026-06-28T03:00:02.215+0000	writing gansou_db.mfaconfigs to /tmp/mongodb_backup_2026-06-28_03-00-01/gansou_db/mfaconfigs.bson
2026-06-28T03:00:02.216+0000	done dumping gansou_db.tags (3 documents)
2026-06-28T03:00:02.216+0000	writing gansou_db.articles to /tmp/mongodb_backup_2026-06-28_03-00-01/gansou_db/articles.bson
2026-06-28T03:00:02.216+0000	done dumping gansou_db.tags (3 documents)
2026-06-28T03:00:02.216+0000	writing gansou_db.articles to /tmp/mongodb_backup_2026-06-28_03-00-01/gansou_db/articles.bson
2026-06-28T03:00:02.217+0000	done dumping gansou_db.admins (3 documents)
2026-06-28T03:00:02.217+0000	writing gansou_db.sections to /tmp/mongodb_backup_2026-06-28_03-00-01/gansou_db/sections.bson
2026-06-28T03:00:02.217+0000	done dumping gansou_db.admins (3 documents)
2026-06-28T03:00:02.217+0000	writing gansou_db.sections to /tmp/mongodb_backup_2026-06-28_03-00-01/gansou_db/sections.bson
2026-06-28T03:00:02.218+0000	done dumping gansou_db.authidentities (3 documents)
2026-06-28T03:00:02.218+0000	done dumping gansou_db.authidentities (3 documents)
2026-06-28T03:00:02.218+0000	done dumping gansou_db.mfaconfigs (0 documents)
2026-06-28T03:00:02.218+0000	done dumping gansou_db.mfaconfigs (0 documents)
2026-06-28T03:00:02.219+0000	done dumping gansou_db.articles (0 documents)
2026-06-28T03:00:02.219+0000	done dumping gansou_db.articles (0 documents)
2026-06-28T03:00:02.219+0000	done dumping gansou_db.sections (0 documents)
2026-06-28T03:00:02.219+0000	done dumping gansou_db.sections (0 documents)
2026-06-28 03:00:02 [[0;32mSUCCESS[0m] Dump MongoDB cree avec succes
2026-06-28 03:00:02 [[0;32mSUCCESS[0m] Dump MongoDB cree avec succes
2026-06-28 03:00:02 [INFO] Compression du backup...
2026-06-28 03:00:02 [INFO] Compression du backup...
mongodb_backup_2026-06-28_03-00-01/
mongodb_backup_2026-06-28_03-00-01/gansou_db/
mongodb_backup_2026-06-28_03-00-01/gansou_db/offers.metadata.json
mongodb_backup_2026-06-28_03-00-01/gansou_db/sections.bson
mongodb_backup_2026-06-28_03-00-01/gansou_db/mfaconfigs.bson
mongodb_backup_2026-06-28_03-00-01/gansou_db/authidentitysecurities.metadata.json
mongodb_backup_2026-06-28_03-00-01/gansou_db/projects.bson
mongodb_backup_2026-06-28_03-00-01/gansou_db/projects.metadata.json
mongodb_backup_2026-06-28_03-00-01/gansou_db/reservations.metadata.json
mongodb_backup_2026-06-28_03-00-01/gansou_db/articles.metadata.json
mongodb_backup_2026-06-28_03-00-01/gansou_db/reservations.bson
mongodb_backup_2026-06-28_03-00-01/gansou_db/mfaconfigs.metadata.json
mongodb_backup_2026-06-28_03-00-01/gansou_db/prelude.json
mongodb_backup_2026-06-28_03-00-01/gansou_db/offers.bson
mongodb_backup_2026-06-28_03-00-01/gansou_db/authidentitysecurities.bson
mongodb_backup_2026-06-28_03-00-01/gansou_db/authidentities.metadata.json
mongodb_backup_2026-06-28_03-00-01/gansou_db/tags.metadata.json
mongodb_backup_2026-06-28_03-00-01/gansou_db/articles.bson
mongodb_backup_2026-06-28_03-00-01/gansou_db/messages.metadata.json
mongodb_backup_2026-06-28_03-00-01/gansou_db/messages.bson
mongodb_backup_2026-06-28_03-00-01/
mongodb_backup_2026-06-28_03-00-01/gansou_db/
mongodb_backup_2026-06-28_03-00-01/gansou_db/offers.metadata.json
mongodb_backup_2026-06-28_03-00-01/gansou_db/sections.bson
mongodb_backup_2026-06-28_03-00-01/gansou_db/mfaconfigs.bson
mongodb_backup_2026-06-28_03-00-01/gansou_db/authidentitysecurities.metadata.json
mongodb_backup_2026-06-28_03-00-01/gansou_db/projects.bson
mongodb_backup_2026-06-28_03-00-01/gansou_db/projects.metadata.json
mongodb_backup_2026-06-28_03-00-01/gansou_db/reservations.metadata.json
mongodb_backup_2026-06-28_03-00-01/gansou_db/articles.metadata.json
mongodb_backup_2026-06-28_03-00-01/gansou_db/reservations.bson
mongodb_backup_2026-06-28_03-00-01/gansou_db/mfaconfigs.metadata.json
mongodb_backup_2026-06-28_03-00-01/gansou_db/prelude.json
mongodb_backup_2026-06-28_03-00-01/gansou_db/offers.bson
mongodb_backup_2026-06-28_03-00-01/gansou_db/authidentitysecurities.bson
mongodb_backup_2026-06-28_03-00-01/gansou_db/authidentities.metadata.json
mongodb_backup_2026-06-28_03-00-01/gansou_db/tags.metadata.json
mongodb_backup_2026-06-28_03-00-01/gansou_db/articles.bson
mongodb_backup_2026-06-28_03-00-01/gansou_db/messages.metadata.json
mongodb_backup_2026-06-28_03-00-01/gansou_db/messages.bson
mongodb_backup_2026-06-28_03-00-01/gansou_db/authsessions.metadata.json
mongodb_backup_2026-06-28_03-00-01/gansou_db/authsecurityaudits.metadata.json
mongodb_backup_2026-06-28_03-00-01/gansou_db/authsessions.bson
mongodb_backup_2026-06-28_03-00-01/gansou_db/tags.bson
mongodb_backup_2026-06-28_03-00-01/gansou_db/sections.metadata.json
mongodb_backup_2026-06-28_03-00-01/gansou_db/admins.bson
mongodb_backup_2026-06-28_03-00-01/gansou_db/authidentities.bson
mongodb_backup_2026-06-28_03-00-01/gansou_db/admins.metadata.json
mongodb_backup_2026-06-28_03-00-01/gansou_db/authsecurityaudits.bson
mongodb_backup_2026-06-28_03-00-01/gansou_db/authsessions.metadata.json
mongodb_backup_2026-06-28_03-00-01/gansou_db/authsecurityaudits.metadata.json
mongodb_backup_2026-06-28_03-00-01/gansou_db/authsessions.bson
mongodb_backup_2026-06-28_03-00-01/gansou_db/tags.bson
mongodb_backup_2026-06-28_03-00-01/gansou_db/sections.metadata.json
mongodb_backup_2026-06-28_03-00-01/gansou_db/admins.bson
mongodb_backup_2026-06-28_03-00-01/gansou_db/authidentities.bson
mongodb_backup_2026-06-28_03-00-01/gansou_db/admins.metadata.json
mongodb_backup_2026-06-28_03-00-01/gansou_db/authsecurityaudits.bson
2026-06-28 03:00:02 [[0;32mSUCCESS[0m] Backup compresse: /root/MaisonGANSOU/backups/mongodb/mongodb_backup_2026-06-28_03-00-01.tar.gz (24K)
2026-06-28 03:00:02 [[0;32mSUCCESS[0m] Backup compresse: /root/MaisonGANSOU/backups/mongodb/mongodb_backup_2026-06-28_03-00-01.tar.gz (24K)
2026-06-28 03:00:02 [[1;33mWARNING[0m] Configuration S3 incomplete. Backup local uniquement.
2026-06-28 03:00:02 [[1;33mWARNING[0m] Configuration S3 incomplete. Backup local uniquement.
2026-06-28 03:00:02 [[1;33mWARNING[0m] Configurez les variables AWS dans /root/MaisonGANSOU/backend/.env
2026-06-28 03:00:02 [[1;33mWARNING[0m] Configurez les variables AWS dans /root/MaisonGANSOU/backend/.env
2026-06-28 03:00:02 [INFO] Nettoyage des anciens backups (> 30 jours)...
2026-06-28 03:00:02 [INFO] Nettoyage des anciens backups (> 30 jours)...
2026-06-28 03:00:02 [INFO] 1 ancien(s) backup(s) supprime(s)
2026-06-28 03:00:02 [INFO] 1 ancien(s) backup(s) supprime(s)
2026-06-28 03:00:02 [INFO] ==========================================
2026-06-28 03:00:02 [INFO] ==========================================
2026-06-28 03:00:02 [[0;32mSUCCESS[0m] Sauvegarde terminee avec succes!
2026-06-28 03:00:02 [[0;32mSUCCESS[0m] Sauvegarde terminee avec succes!
2026-06-28 03:00:02 [INFO] Fichier local: /root/MaisonGANSOU/backups/mongodb/mongodb_backup_2026-06-28_03-00-01.tar.gz
2026-06-28 03:00:02 [INFO] Fichier local: /root/MaisonGANSOU/backups/mongodb/mongodb_backup_2026-06-28_03-00-01.tar.gz
2026-06-28 03:00:02 [INFO] Taille: 24K
2026-06-28 03:00:02 [INFO] Taille: 24K
2026-06-28 03:00:02 [INFO] ==========================================
2026-06-28 03:00:02 [INFO] ==========================================
2026-06-28 03:00:02 [INFO] Backups disponibles:
2026-06-28 03:00:02 [INFO] Backups disponibles:
-rw-r--r-- 1 root root 20K May 31 03:00 /root/MaisonGANSOU/backups/mongodb/mongodb_backup_2026-05-31_03-00-01.tar.gz
-rw-r--r-- 1 root root 22K Jun  7 03:00 /root/MaisonGANSOU/backups/mongodb/mongodb_backup_2026-06-07_03-00-01.tar.gz
-rw-r--r-- 1 root root 22K Jun 14 03:00 /root/MaisonGANSOU/backups/mongodb/mongodb_backup_2026-06-14_03-00-01.tar.gz
-rw-r--r-- 1 root root 24K Jun 21 03:00 /root/MaisonGANSOU/backups/mongodb/mongodb_backup_2026-06-21_03-00-01.tar.gz
-rw-r--r-- 1 root root 24K Jun 28 03:00 /root/MaisonGANSOU/backups/mongodb/mongodb_backup_2026-06-28_03-00-01.tar.gz
-rw-r--r-- 1 root root 20K May 31 03:00 /root/MaisonGANSOU/backups/mongodb/mongodb_backup_2026-05-31_03-00-01.tar.gz
-rw-r--r-- 1 root root 22K Jun  7 03:00 /root/MaisonGANSOU/backups/mongodb/mongodb_backup_2026-06-07_03-00-01.tar.gz
-rw-r--r-- 1 root root 22K Jun 14 03:00 /root/MaisonGANSOU/backups/mongodb/mongodb_backup_2026-06-14_03-00-01.tar.gz
-rw-r--r-- 1 root root 24K Jun 21 03:00 /root/MaisonGANSOU/backups/mongodb/mongodb_backup_2026-06-21_03-00-01.tar.gz
-rw-r--r-- 1 root root 24K Jun 28 03:00 /root/MaisonGANSOU/backups/mongodb/mongodb_backup_2026-06-28_03-00-01.tar.gz
2026-07-05 03:00:01 [INFO] ==========================================
2026-07-05 03:00:01 [INFO] ==========================================
2026-07-05 03:00:01 [INFO] Demarrage de la sauvegarde MongoDB
2026-07-05 03:00:01 [INFO] Demarrage de la sauvegarde MongoDB
2026-07-05 03:00:01 [INFO] ==========================================
2026-07-05 03:00:01 [INFO] ==========================================
2026-07-05 03:00:01 [INFO] Container MongoDB detecte: maison-mongodb
2026-07-05 03:00:01 [INFO] Container MongoDB detecte: maison-mongodb
2026-07-05 03:00:01 [INFO] Creation du dump MongoDB...
2026-07-05 03:00:01 [INFO] Creation du dump MongoDB...
2026-07-05T03:00:02.147+0000	writing gansou_db.authsecurityaudits to /tmp/mongodb_backup_2026-07-05_03-00-01/gansou_db/authsecurityaudits.bson
2026-07-05T03:00:02.147+0000	writing gansou_db.authsecurityaudits to /tmp/mongodb_backup_2026-07-05_03-00-01/gansou_db/authsecurityaudits.bson
2026-07-05T03:00:02.148+0000	writing gansou_db.reservations to /tmp/mongodb_backup_2026-07-05_03-00-01/gansou_db/reservations.bson
2026-07-05T03:00:02.149+0000	writing gansou_db.authsessions to /tmp/mongodb_backup_2026-07-05_03-00-01/gansou_db/authsessions.bson
2026-07-05T03:00:02.149+0000	writing gansou_db.projects to /tmp/mongodb_backup_2026-07-05_03-00-01/gansou_db/projects.bson
2026-07-05T03:00:02.148+0000	writing gansou_db.reservations to /tmp/mongodb_backup_2026-07-05_03-00-01/gansou_db/reservations.bson
2026-07-05T03:00:02.149+0000	writing gansou_db.authsessions to /tmp/mongodb_backup_2026-07-05_03-00-01/gansou_db/authsessions.bson
2026-07-05T03:00:02.149+0000	writing gansou_db.projects to /tmp/mongodb_backup_2026-07-05_03-00-01/gansou_db/projects.bson
2026-07-05T03:00:02.153+0000	done dumping gansou_db.reservations (26 documents)
2026-07-05T03:00:02.153+0000	writing gansou_db.messages to /tmp/mongodb_backup_2026-07-05_03-00-01/gansou_db/messages.bson
2026-07-05T03:00:02.153+0000	done dumping gansou_db.reservations (26 documents)
2026-07-05T03:00:02.153+0000	writing gansou_db.messages to /tmp/mongodb_backup_2026-07-05_03-00-01/gansou_db/messages.bson
2026-07-05T03:00:02.154+0000	done dumping gansou_db.authsessions (23 documents)
2026-07-05T03:00:02.154+0000	writing gansou_db.authidentitysecurities to /tmp/mongodb_backup_2026-07-05_03-00-01/gansou_db/authidentitysecurities.bson
2026-07-05T03:00:02.154+0000	done dumping gansou_db.authsessions (23 documents)
2026-07-05T03:00:02.154+0000	writing gansou_db.authidentitysecurities to /tmp/mongodb_backup_2026-07-05_03-00-01/gansou_db/authidentitysecurities.bson
2026-07-05T03:00:02.157+0000	done dumping gansou_db.authsecurityaudits (49 documents)
2026-07-05T03:00:02.157+0000	writing gansou_db.offers to /tmp/mongodb_backup_2026-07-05_03-00-01/gansou_db/offers.bson
2026-07-05T03:00:02.157+0000	done dumping gansou_db.authsecurityaudits (49 documents)
2026-07-05T03:00:02.157+0000	writing gansou_db.offers to /tmp/mongodb_backup_2026-07-05_03-00-01/gansou_db/offers.bson
2026-07-05T03:00:02.159+0000	done dumping gansou_db.authidentitysecurities (4 documents)
2026-07-05T03:00:02.159+0000	done dumping gansou_db.authidentitysecurities (4 documents)
2026-07-05T03:00:02.160+0000	writing gansou_db.tags to /tmp/mongodb_backup_2026-07-05_03-00-01/gansou_db/tags.bson
2026-07-05T03:00:02.160+0000	writing gansou_db.tags to /tmp/mongodb_backup_2026-07-05_03-00-01/gansou_db/tags.bson
2026-07-05T03:00:02.160+0000	done dumping gansou_db.offers (4 documents)
2026-07-05T03:00:02.160+0000	writing gansou_db.authidentities to /tmp/mongodb_backup_2026-07-05_03-00-01/gansou_db/authidentities.bson
2026-07-05T03:00:02.160+0000	done dumping gansou_db.offers (4 documents)
2026-07-05T03:00:02.160+0000	writing gansou_db.authidentities to /tmp/mongodb_backup_2026-07-05_03-00-01/gansou_db/authidentities.bson
2026-07-05T03:00:02.161+0000	done dumping gansou_db.messages (12 documents)
2026-07-05T03:00:02.161+0000	writing gansou_db.admins to /tmp/mongodb_backup_2026-07-05_03-00-01/gansou_db/admins.bson
2026-07-05T03:00:02.161+0000	done dumping gansou_db.messages (12 documents)
2026-07-05T03:00:02.161+0000	writing gansou_db.admins to /tmp/mongodb_backup_2026-07-05_03-00-01/gansou_db/admins.bson
2026-07-05T03:00:02.161+0000	done dumping gansou_db.projects (15 documents)
2026-07-05T03:00:02.161+0000	done dumping gansou_db.projects (15 documents)
2026-07-05T03:00:02.162+0000	writing gansou_db.mfaconfigs to /tmp/mongodb_backup_2026-07-05_03-00-01/gansou_db/mfaconfigs.bson
2026-07-05T03:00:02.162+0000	writing gansou_db.mfaconfigs to /tmp/mongodb_backup_2026-07-05_03-00-01/gansou_db/mfaconfigs.bson
2026-07-05T03:00:02.162+0000	done dumping gansou_db.tags (3 documents)
2026-07-05T03:00:02.162+0000	done dumping gansou_db.tags (3 documents)
2026-07-05T03:00:02.162+0000	writing gansou_db.articles to /tmp/mongodb_backup_2026-07-05_03-00-01/gansou_db/articles.bson
2026-07-05T03:00:02.162+0000	writing gansou_db.articles to /tmp/mongodb_backup_2026-07-05_03-00-01/gansou_db/articles.bson
2026-07-05T03:00:02.162+0000	done dumping gansou_db.authidentities (3 documents)
2026-07-05T03:00:02.162+0000	writing gansou_db.sections to /tmp/mongodb_backup_2026-07-05_03-00-01/gansou_db/sections.bson
2026-07-05T03:00:02.162+0000	done dumping gansou_db.authidentities (3 documents)
2026-07-05T03:00:02.162+0000	writing gansou_db.sections to /tmp/mongodb_backup_2026-07-05_03-00-01/gansou_db/sections.bson
2026-07-05T03:00:02.163+0000	done dumping gansou_db.articles (0 documents)
2026-07-05T03:00:02.163+0000	done dumping gansou_db.articles (0 documents)
2026-07-05T03:00:02.164+0000	done dumping gansou_db.admins (3 documents)
2026-07-05T03:00:02.164+0000	done dumping gansou_db.admins (3 documents)
2026-07-05T03:00:02.164+0000	done dumping gansou_db.mfaconfigs (0 documents)
2026-07-05T03:00:02.164+0000	done dumping gansou_db.mfaconfigs (0 documents)
2026-07-05T03:00:02.164+0000	done dumping gansou_db.sections (0 documents)
2026-07-05T03:00:02.164+0000	done dumping gansou_db.sections (0 documents)
2026-07-05 03:00:02 [[0;32mSUCCESS[0m] Dump MongoDB cree avec succes
2026-07-05 03:00:02 [[0;32mSUCCESS[0m] Dump MongoDB cree avec succes
2026-07-05 03:00:02 [INFO] Compression du backup...
2026-07-05 03:00:02 [INFO] Compression du backup...
mongodb_backup_2026-07-05_03-00-01/
mongodb_backup_2026-07-05_03-00-01/gansou_db/
mongodb_backup_2026-07-05_03-00-01/gansou_db/offers.metadata.json
mongodb_backup_2026-07-05_03-00-01/gansou_db/sections.bson
mongodb_backup_2026-07-05_03-00-01/gansou_db/mfaconfigs.bson
mongodb_backup_2026-07-05_03-00-01/gansou_db/authidentitysecurities.metadata.json
mongodb_backup_2026-07-05_03-00-01/gansou_db/projects.bson
mongodb_backup_2026-07-05_03-00-01/gansou_db/projects.metadata.json
mongodb_backup_2026-07-05_03-00-01/gansou_db/reservations.metadata.json
mongodb_backup_2026-07-05_03-00-01/gansou_db/articles.metadata.json
mongodb_backup_2026-07-05_03-00-01/gansou_db/reservations.bson
mongodb_backup_2026-07-05_03-00-01/gansou_db/mfaconfigs.metadata.json
mongodb_backup_2026-07-05_03-00-01/gansou_db/prelude.json
mongodb_backup_2026-07-05_03-00-01/gansou_db/offers.bson
mongodb_backup_2026-07-05_03-00-01/gansou_db/authidentitysecurities.bson
mongodb_backup_2026-07-05_03-00-01/gansou_db/authidentities.metadata.json
mongodb_backup_2026-07-05_03-00-01/gansou_db/tags.metadata.json
mongodb_backup_2026-07-05_03-00-01/gansou_db/articles.bson
mongodb_backup_2026-07-05_03-00-01/gansou_db/messages.metadata.json
mongodb_backup_2026-07-05_03-00-01/gansou_db/messages.bson
mongodb_backup_2026-07-05_03-00-01/
mongodb_backup_2026-07-05_03-00-01/gansou_db/
mongodb_backup_2026-07-05_03-00-01/gansou_db/offers.metadata.json
mongodb_backup_2026-07-05_03-00-01/gansou_db/sections.bson
mongodb_backup_2026-07-05_03-00-01/gansou_db/mfaconfigs.bson
mongodb_backup_2026-07-05_03-00-01/gansou_db/authidentitysecurities.metadata.json
mongodb_backup_2026-07-05_03-00-01/gansou_db/projects.bson
mongodb_backup_2026-07-05_03-00-01/gansou_db/projects.metadata.json
mongodb_backup_2026-07-05_03-00-01/gansou_db/reservations.metadata.json
mongodb_backup_2026-07-05_03-00-01/gansou_db/articles.metadata.json
mongodb_backup_2026-07-05_03-00-01/gansou_db/reservations.bson
mongodb_backup_2026-07-05_03-00-01/gansou_db/mfaconfigs.metadata.json
mongodb_backup_2026-07-05_03-00-01/gansou_db/prelude.json
mongodb_backup_2026-07-05_03-00-01/gansou_db/offers.bson
mongodb_backup_2026-07-05_03-00-01/gansou_db/authidentitysecurities.bson
mongodb_backup_2026-07-05_03-00-01/gansou_db/authidentities.metadata.json
mongodb_backup_2026-07-05_03-00-01/gansou_db/tags.metadata.json
mongodb_backup_2026-07-05_03-00-01/gansou_db/articles.bson
mongodb_backup_2026-07-05_03-00-01/gansou_db/messages.metadata.json
mongodb_backup_2026-07-05_03-00-01/gansou_db/messages.bson
mongodb_backup_2026-07-05_03-00-01/gansou_db/authsessions.metadata.json
mongodb_backup_2026-07-05_03-00-01/gansou_db/authsecurityaudits.metadata.json
mongodb_backup_2026-07-05_03-00-01/gansou_db/authsessions.bson
mongodb_backup_2026-07-05_03-00-01/gansou_db/tags.bson
mongodb_backup_2026-07-05_03-00-01/gansou_db/sections.metadata.json
mongodb_backup_2026-07-05_03-00-01/gansou_db/admins.bson
mongodb_backup_2026-07-05_03-00-01/gansou_db/authidentities.bson
mongodb_backup_2026-07-05_03-00-01/gansou_db/admins.metadata.json
mongodb_backup_2026-07-05_03-00-01/gansou_db/authsecurityaudits.bson
mongodb_backup_2026-07-05_03-00-01/gansou_db/authsessions.metadata.json
mongodb_backup_2026-07-05_03-00-01/gansou_db/authsecurityaudits.metadata.json
mongodb_backup_2026-07-05_03-00-01/gansou_db/authsessions.bson
mongodb_backup_2026-07-05_03-00-01/gansou_db/tags.bson
mongodb_backup_2026-07-05_03-00-01/gansou_db/sections.metadata.json
mongodb_backup_2026-07-05_03-00-01/gansou_db/admins.bson
mongodb_backup_2026-07-05_03-00-01/gansou_db/authidentities.bson
mongodb_backup_2026-07-05_03-00-01/gansou_db/admins.metadata.json
mongodb_backup_2026-07-05_03-00-01/gansou_db/authsecurityaudits.bson
2026-07-05 03:00:02 [[0;32mSUCCESS[0m] Backup compresse: /root/MaisonGANSOU/backups/mongodb/mongodb_backup_2026-07-05_03-00-01.tar.gz (24K)
2026-07-05 03:00:02 [[0;32mSUCCESS[0m] Backup compresse: /root/MaisonGANSOU/backups/mongodb/mongodb_backup_2026-07-05_03-00-01.tar.gz (24K)
2026-07-05 03:00:02 [[1;33mWARNING[0m] Configuration S3 incomplete. Backup local uniquement.
2026-07-05 03:00:02 [[1;33mWARNING[0m] Configuration S3 incomplete. Backup local uniquement.
2026-07-05 03:00:02 [[1;33mWARNING[0m] Configurez les variables AWS dans /root/MaisonGANSOU/backend/.env
2026-07-05 03:00:02 [[1;33mWARNING[0m] Configurez les variables AWS dans /root/MaisonGANSOU/backend/.env
2026-07-05 03:00:02 [INFO] Nettoyage des anciens backups (> 30 jours)...
2026-07-05 03:00:02 [INFO] Nettoyage des anciens backups (> 30 jours)...
2026-07-05 03:00:02 [INFO] 1 ancien(s) backup(s) supprime(s)
2026-07-05 03:00:02 [INFO] 1 ancien(s) backup(s) supprime(s)
2026-07-05 03:00:02 [INFO] ==========================================
2026-07-05 03:00:02 [INFO] ==========================================
2026-07-05 03:00:02 [[0;32mSUCCESS[0m] Sauvegarde terminee avec succes!
2026-07-05 03:00:02 [[0;32mSUCCESS[0m] Sauvegarde terminee avec succes!
2026-07-05 03:00:02 [INFO] Fichier local: /root/MaisonGANSOU/backups/mongodb/mongodb_backup_2026-07-05_03-00-01.tar.gz
2026-07-05 03:00:02 [INFO] Fichier local: /root/MaisonGANSOU/backups/mongodb/mongodb_backup_2026-07-05_03-00-01.tar.gz
2026-07-05 03:00:02 [INFO] Taille: 24K
2026-07-05 03:00:02 [INFO] Taille: 24K
2026-07-05 03:00:02 [INFO] ==========================================
2026-07-05 03:00:02 [INFO] ==========================================
2026-07-05 03:00:02 [INFO] Backups disponibles:
2026-07-05 03:00:02 [INFO] Backups disponibles:
-rw-r--r-- 1 root root 22K Jun  7 03:00 /root/MaisonGANSOU/backups/mongodb/mongodb_backup_2026-06-07_03-00-01.tar.gz
-rw-r--r-- 1 root root 22K Jun 14 03:00 /root/MaisonGANSOU/backups/mongodb/mongodb_backup_2026-06-14_03-00-01.tar.gz
-rw-r--r-- 1 root root 24K Jun 21 03:00 /root/MaisonGANSOU/backups/mongodb/mongodb_backup_2026-06-21_03-00-01.tar.gz
-rw-r--r-- 1 root root 24K Jun 28 03:00 /root/MaisonGANSOU/backups/mongodb/mongodb_backup_2026-06-28_03-00-01.tar.gz
-rw-r--r-- 1 root root 24K Jul  5 03:00 /root/MaisonGANSOU/backups/mongodb/mongodb_backup_2026-07-05_03-00-01.tar.gz
-rw-r--r-- 1 root root 22K Jun  7 03:00 /root/MaisonGANSOU/backups/mongodb/mongodb_backup_2026-06-07_03-00-01.tar.gz
-rw-r--r-- 1 root root 22K Jun 14 03:00 /root/MaisonGANSOU/backups/mongodb/mongodb_backup_2026-06-14_03-00-01.tar.gz
-rw-r--r-- 1 root root 24K Jun 21 03:00 /root/MaisonGANSOU/backups/mongodb/mongodb_backup_2026-06-21_03-00-01.tar.gz
-rw-r--r-- 1 root root 24K Jun 28 03:00 /root/MaisonGANSOU/backups/mongodb/mongodb_backup_2026-06-28_03-00-01.tar.gz
-rw-r--r-- 1 root root 24K Jul  5 03:00 /root/MaisonGANSOU/backups/mongodb/mongodb_backup_2026-07-05_03-00-01.tar.gz
2026-07-12 03:00:01 [INFO] ==========================================
2026-07-12 03:00:01 [INFO] ==========================================
2026-07-12 03:00:01 [INFO] Demarrage de la sauvegarde MongoDB
2026-07-12 03:00:01 [INFO] Demarrage de la sauvegarde MongoDB
2026-07-12 03:00:01 [INFO] ==========================================
2026-07-12 03:00:01 [INFO] ==========================================
2026-07-12 03:00:01 [INFO] Container MongoDB detecte: maison-mongodb
2026-07-12 03:00:01 [INFO] Container MongoDB detecte: maison-mongodb
2026-07-12 03:00:01 [INFO] Creation du dump MongoDB...
2026-07-12 03:00:01 [INFO] Creation du dump MongoDB...
2026-07-12T03:00:01.540+0000	writing gansou_db.authsecurityaudits to /tmp/mongodb_backup_2026-07-12_03-00-01/gansou_db/authsecurityaudits.bson
2026-07-12T03:00:01.540+0000	writing gansou_db.authsecurityaudits to /tmp/mongodb_backup_2026-07-12_03-00-01/gansou_db/authsecurityaudits.bson
2026-07-12T03:00:01.543+0000	writing gansou_db.reservations to /tmp/mongodb_backup_2026-07-12_03-00-01/gansou_db/reservations.bson
2026-07-12T03:00:01.543+0000	writing gansou_db.reservations to /tmp/mongodb_backup_2026-07-12_03-00-01/gansou_db/reservations.bson
2026-07-12T03:00:01.545+0000	writing gansou_db.authsessions to /tmp/mongodb_backup_2026-07-12_03-00-01/gansou_db/authsessions.bson
2026-07-12T03:00:01.545+0000	writing gansou_db.authsessions to /tmp/mongodb_backup_2026-07-12_03-00-01/gansou_db/authsessions.bson
2026-07-12T03:00:01.545+0000	writing gansou_db.projects to /tmp/mongodb_backup_2026-07-12_03-00-01/gansou_db/projects.bson
2026-07-12T03:00:01.545+0000	writing gansou_db.projects to /tmp/mongodb_backup_2026-07-12_03-00-01/gansou_db/projects.bson
2026-07-12T03:00:01.550+0000	done dumping gansou_db.reservations (26 documents)
2026-07-12T03:00:01.550+0000	done dumping gansou_db.reservations (26 documents)
2026-07-12T03:00:01.550+0000	writing gansou_db.messages to /tmp/mongodb_backup_2026-07-12_03-00-01/gansou_db/messages.bson
2026-07-12T03:00:01.550+0000	writing gansou_db.messages to /tmp/mongodb_backup_2026-07-12_03-00-01/gansou_db/messages.bson
2026-07-12T03:00:01.559+0000	done dumping gansou_db.projects (15 documents)
2026-07-12T03:00:01.559+0000	done dumping gansou_db.projects (15 documents)
2026-07-12T03:00:01.561+0000	writing gansou_db.authidentitysecurities to /tmp/mongodb_backup_2026-07-12_03-00-01/gansou_db/authidentitysecurities.bson
2026-07-12T03:00:01.561+0000	writing gansou_db.authidentitysecurities to /tmp/mongodb_backup_2026-07-12_03-00-01/gansou_db/authidentitysecurities.bson
2026-07-12T03:00:01.561+0000	done dumping gansou_db.authsecurityaudits (49 documents)
2026-07-12T03:00:01.561+0000	done dumping gansou_db.authsecurityaudits (49 documents)
2026-07-12T03:00:01.561+0000	writing gansou_db.offers to /tmp/mongodb_backup_2026-07-12_03-00-01/gansou_db/offers.bson
2026-07-12T03:00:01.561+0000	writing gansou_db.offers to /tmp/mongodb_backup_2026-07-12_03-00-01/gansou_db/offers.bson
2026-07-12T03:00:01.564+0000	done dumping gansou_db.authsessions (23 documents)
2026-07-12T03:00:01.564+0000	done dumping gansou_db.authsessions (23 documents)
2026-07-12T03:00:01.565+0000	writing gansou_db.tags to /tmp/mongodb_backup_2026-07-12_03-00-01/gansou_db/tags.bson
2026-07-12T03:00:01.565+0000	writing gansou_db.tags to /tmp/mongodb_backup_2026-07-12_03-00-01/gansou_db/tags.bson
2026-07-12T03:00:01.566+0000	done dumping gansou_db.messages (12 documents)
2026-07-12T03:00:01.566+0000	done dumping gansou_db.messages (12 documents)
2026-07-12T03:00:01.568+0000	writing gansou_db.authidentities to /tmp/mongodb_backup_2026-07-12_03-00-01/gansou_db/authidentities.bson
2026-07-12T03:00:01.568+0000	writing gansou_db.authidentities to /tmp/mongodb_backup_2026-07-12_03-00-01/gansou_db/authidentities.bson
2026-07-12T03:00:01.568+0000	done dumping gansou_db.offers (4 documents)
2026-07-12T03:00:01.568+0000	done dumping gansou_db.offers (4 documents)
2026-07-12T03:00:01.569+0000	writing gansou_db.admins to /tmp/mongodb_backup_2026-07-12_03-00-01/gansou_db/admins.bson
2026-07-12T03:00:01.569+0000	writing gansou_db.admins to /tmp/mongodb_backup_2026-07-12_03-00-01/gansou_db/admins.bson
2026-07-12T03:00:01.571+0000	done dumping gansou_db.authidentitysecurities (4 documents)
2026-07-12T03:00:01.571+0000	done dumping gansou_db.authidentitysecurities (4 documents)
2026-07-12T03:00:01.572+0000	writing gansou_db.mfaconfigs to /tmp/mongodb_backup_2026-07-12_03-00-01/gansou_db/mfaconfigs.bson
2026-07-12T03:00:01.572+0000	writing gansou_db.mfaconfigs to /tmp/mongodb_backup_2026-07-12_03-00-01/gansou_db/mfaconfigs.bson
2026-07-12T03:00:01.572+0000	done dumping gansou_db.tags (3 documents)
2026-07-12T03:00:01.572+0000	done dumping gansou_db.tags (3 documents)
2026-07-12T03:00:01.572+0000	writing gansou_db.articles to /tmp/mongodb_backup_2026-07-12_03-00-01/gansou_db/articles.bson
2026-07-12T03:00:01.572+0000	writing gansou_db.articles to /tmp/mongodb_backup_2026-07-12_03-00-01/gansou_db/articles.bson
2026-07-12T03:00:01.575+0000	done dumping gansou_db.admins (3 documents)
2026-07-12T03:00:01.575+0000	done dumping gansou_db.admins (3 documents)
2026-07-12T03:00:01.575+0000	writing gansou_db.sections to /tmp/mongodb_backup_2026-07-12_03-00-01/gansou_db/sections.bson
2026-07-12T03:00:01.575+0000	writing gansou_db.sections to /tmp/mongodb_backup_2026-07-12_03-00-01/gansou_db/sections.bson
2026-07-12T03:00:01.575+0000	done dumping gansou_db.authidentities (3 documents)
2026-07-12T03:00:01.575+0000	done dumping gansou_db.authidentities (3 documents)
2026-07-12T03:00:01.577+0000	done dumping gansou_db.articles (0 documents)
2026-07-12T03:00:01.577+0000	done dumping gansou_db.articles (0 documents)
2026-07-12T03:00:01.578+0000	done dumping gansou_db.mfaconfigs (0 documents)
2026-07-12T03:00:01.578+0000	done dumping gansou_db.mfaconfigs (0 documents)
2026-07-12T03:00:01.580+0000	done dumping gansou_db.sections (0 documents)
2026-07-12T03:00:01.580+0000	done dumping gansou_db.sections (0 documents)
2026-07-12 03:00:01 [[0;32mSUCCESS[0m] Dump MongoDB cree avec succes
2026-07-12 03:00:01 [[0;32mSUCCESS[0m] Dump MongoDB cree avec succes
2026-07-12 03:00:01 [INFO] Compression du backup...
2026-07-12 03:00:01 [INFO] Compression du backup...
mongodb_backup_2026-07-12_03-00-01/
mongodb_backup_2026-07-12_03-00-01/gansou_db/
mongodb_backup_2026-07-12_03-00-01/gansou_db/offers.metadata.json
mongodb_backup_2026-07-12_03-00-01/gansou_db/sections.bson
mongodb_backup_2026-07-12_03-00-01/gansou_db/mfaconfigs.bson
mongodb_backup_2026-07-12_03-00-01/gansou_db/authidentitysecurities.metadata.json
mongodb_backup_2026-07-12_03-00-01/gansou_db/projects.bson
mongodb_backup_2026-07-12_03-00-01/gansou_db/projects.metadata.json
mongodb_backup_2026-07-12_03-00-01/gansou_db/reservations.metadata.json
mongodb_backup_2026-07-12_03-00-01/gansou_db/articles.metadata.json
mongodb_backup_2026-07-12_03-00-01/gansou_db/reservations.bson
mongodb_backup_2026-07-12_03-00-01/gansou_db/mfaconfigs.metadata.json
mongodb_backup_2026-07-12_03-00-01/gansou_db/prelude.json
mongodb_backup_2026-07-12_03-00-01/gansou_db/offers.bson
mongodb_backup_2026-07-12_03-00-01/gansou_db/authidentitysecurities.bson
mongodb_backup_2026-07-12_03-00-01/gansou_db/authidentities.metadata.json
mongodb_backup_2026-07-12_03-00-01/gansou_db/tags.metadata.json
mongodb_backup_2026-07-12_03-00-01/gansou_db/articles.bson
mongodb_backup_2026-07-12_03-00-01/gansou_db/messages.metadata.json
mongodb_backup_2026-07-12_03-00-01/gansou_db/messages.bson
mongodb_backup_2026-07-12_03-00-01/
mongodb_backup_2026-07-12_03-00-01/gansou_db/
mongodb_backup_2026-07-12_03-00-01/gansou_db/offers.metadata.json
mongodb_backup_2026-07-12_03-00-01/gansou_db/sections.bson
mongodb_backup_2026-07-12_03-00-01/gansou_db/mfaconfigs.bson
mongodb_backup_2026-07-12_03-00-01/gansou_db/authidentitysecurities.metadata.json
mongodb_backup_2026-07-12_03-00-01/gansou_db/projects.bson
mongodb_backup_2026-07-12_03-00-01/gansou_db/projects.metadata.json
mongodb_backup_2026-07-12_03-00-01/gansou_db/reservations.metadata.json
mongodb_backup_2026-07-12_03-00-01/gansou_db/articles.metadata.json
mongodb_backup_2026-07-12_03-00-01/gansou_db/reservations.bson
mongodb_backup_2026-07-12_03-00-01/gansou_db/mfaconfigs.metadata.json
mongodb_backup_2026-07-12_03-00-01/gansou_db/prelude.json
mongodb_backup_2026-07-12_03-00-01/gansou_db/offers.bson
mongodb_backup_2026-07-12_03-00-01/gansou_db/authidentitysecurities.bson
mongodb_backup_2026-07-12_03-00-01/gansou_db/authidentities.metadata.json
mongodb_backup_2026-07-12_03-00-01/gansou_db/tags.metadata.json
mongodb_backup_2026-07-12_03-00-01/gansou_db/articles.bson
mongodb_backup_2026-07-12_03-00-01/gansou_db/messages.metadata.json
mongodb_backup_2026-07-12_03-00-01/gansou_db/messages.bson
mongodb_backup_2026-07-12_03-00-01/gansou_db/authsessions.metadata.json
mongodb_backup_2026-07-12_03-00-01/gansou_db/authsecurityaudits.metadata.json
mongodb_backup_2026-07-12_03-00-01/gansou_db/authsessions.bson
mongodb_backup_2026-07-12_03-00-01/gansou_db/tags.bson
mongodb_backup_2026-07-12_03-00-01/gansou_db/sections.metadata.json
mongodb_backup_2026-07-12_03-00-01/gansou_db/admins.bson
mongodb_backup_2026-07-12_03-00-01/gansou_db/authidentities.bson
mongodb_backup_2026-07-12_03-00-01/gansou_db/admins.metadata.json
mongodb_backup_2026-07-12_03-00-01/gansou_db/authsecurityaudits.bson
mongodb_backup_2026-07-12_03-00-01/gansou_db/authsessions.metadata.json
mongodb_backup_2026-07-12_03-00-01/gansou_db/authsecurityaudits.metadata.json
mongodb_backup_2026-07-12_03-00-01/gansou_db/authsessions.bson
mongodb_backup_2026-07-12_03-00-01/gansou_db/tags.bson
mongodb_backup_2026-07-12_03-00-01/gansou_db/sections.metadata.json
mongodb_backup_2026-07-12_03-00-01/gansou_db/admins.bson
mongodb_backup_2026-07-12_03-00-01/gansou_db/authidentities.bson
mongodb_backup_2026-07-12_03-00-01/gansou_db/admins.metadata.json
mongodb_backup_2026-07-12_03-00-01/gansou_db/authsecurityaudits.bson
2026-07-12 03:00:01 [[0;32mSUCCESS[0m] Backup compresse: /root/MaisonGANSOU/backups/mongodb/mongodb_backup_2026-07-12_03-00-01.tar.gz (24K)
2026-07-12 03:00:01 [[0;32mSUCCESS[0m] Backup compresse: /root/MaisonGANSOU/backups/mongodb/mongodb_backup_2026-07-12_03-00-01.tar.gz (24K)
2026-07-12 03:00:01 [[1;33mWARNING[0m] Configuration S3 incomplete. Backup local uniquement.
2026-07-12 03:00:01 [[1;33mWARNING[0m] Configuration S3 incomplete. Backup local uniquement.
2026-07-12 03:00:01 [[1;33mWARNING[0m] Configurez les variables AWS dans /root/MaisonGANSOU/backend/.env
2026-07-12 03:00:01 [[1;33mWARNING[0m] Configurez les variables AWS dans /root/MaisonGANSOU/backend/.env
2026-07-12 03:00:01 [INFO] Nettoyage des anciens backups (> 30 jours)...
2026-07-12 03:00:01 [INFO] Nettoyage des anciens backups (> 30 jours)...
2026-07-12 03:00:01 [INFO] 1 ancien(s) backup(s) supprime(s)
2026-07-12 03:00:01 [INFO] 1 ancien(s) backup(s) supprime(s)
2026-07-12 03:00:01 [INFO] ==========================================
2026-07-12 03:00:01 [INFO] ==========================================
2026-07-12 03:00:01 [[0;32mSUCCESS[0m] Sauvegarde terminee avec succes!
2026-07-12 03:00:01 [[0;32mSUCCESS[0m] Sauvegarde terminee avec succes!
2026-07-12 03:00:01 [INFO] Fichier local: /root/MaisonGANSOU/backups/mongodb/mongodb_backup_2026-07-12_03-00-01.tar.gz
2026-07-12 03:00:01 [INFO] Fichier local: /root/MaisonGANSOU/backups/mongodb/mongodb_backup_2026-07-12_03-00-01.tar.gz
2026-07-12 03:00:01 [INFO] Taille: 24K
2026-07-12 03:00:01 [INFO] Taille: 24K
2026-07-12 03:00:01 [INFO] ==========================================
2026-07-12 03:00:01 [INFO] ==========================================
2026-07-12 03:00:01 [INFO] Backups disponibles:
2026-07-12 03:00:01 [INFO] Backups disponibles:
-rw-r--r-- 1 root root 22K Jun 14 03:00 /root/MaisonGANSOU/backups/mongodb/mongodb_backup_2026-06-14_03-00-01.tar.gz
-rw-r--r-- 1 root root 24K Jun 21 03:00 /root/MaisonGANSOU/backups/mongodb/mongodb_backup_2026-06-21_03-00-01.tar.gz
-rw-r--r-- 1 root root 24K Jun 28 03:00 /root/MaisonGANSOU/backups/mongodb/mongodb_backup_2026-06-28_03-00-01.tar.gz
-rw-r--r-- 1 root root 24K Jul  5 03:00 /root/MaisonGANSOU/backups/mongodb/mongodb_backup_2026-07-05_03-00-01.tar.gz
-rw-r--r-- 1 root root 24K Jul 12 03:00 /root/MaisonGANSOU/backups/mongodb/mongodb_backup_2026-07-12_03-00-01.tar.gz
-rw-r--r-- 1 root root 22K Jun 14 03:00 /root/MaisonGANSOU/backups/mongodb/mongodb_backup_2026-06-14_03-00-01.tar.gz
-rw-r--r-- 1 root root 24K Jun 21 03:00 /root/MaisonGANSOU/backups/mongodb/mongodb_backup_2026-06-21_03-00-01.tar.gz
-rw-r--r-- 1 root root 24K Jun 28 03:00 /root/MaisonGANSOU/backups/mongodb/mongodb_backup_2026-06-28_03-00-01.tar.gz
-rw-r--r-- 1 root root 24K Jul  5 03:00 /root/MaisonGANSOU/backups/mongodb/mongodb_backup_2026-07-05_03-00-01.tar.gz
-rw-r--r-- 1 root root 24K Jul 12 03:00 /root/MaisonGANSOU/backups/mongodb/mongodb_backup_2026-07-12_03-00-01.tar.gz
2026-07-19 03:00:01 [INFO] ==========================================
2026-07-19 03:00:01 [INFO] ==========================================
2026-07-19 03:00:01 [INFO] Demarrage de la sauvegarde MongoDB
2026-07-19 03:00:01 [INFO] Demarrage de la sauvegarde MongoDB
2026-07-19 03:00:01 [INFO] ==========================================
2026-07-19 03:00:01 [INFO] ==========================================
2026-07-19 03:00:01 [INFO] Container MongoDB detecte: maison-mongodb
2026-07-19 03:00:01 [INFO] Container MongoDB detecte: maison-mongodb
2026-07-19 03:00:01 [INFO] Creation du dump MongoDB...
2026-07-19 03:00:01 [INFO] Creation du dump MongoDB...
2026-07-19T03:00:01.778+0000	writing gansou_db.authsecurityaudits to /tmp/mongodb_backup_2026-07-19_03-00-01/gansou_db/authsecurityaudits.bson
2026-07-19T03:00:01.778+0000	writing gansou_db.authsecurityaudits to /tmp/mongodb_backup_2026-07-19_03-00-01/gansou_db/authsecurityaudits.bson
2026-07-19T03:00:01.779+0000	writing gansou_db.reservations to /tmp/mongodb_backup_2026-07-19_03-00-01/gansou_db/reservations.bson
2026-07-19T03:00:01.779+0000	writing gansou_db.reservations to /tmp/mongodb_backup_2026-07-19_03-00-01/gansou_db/reservations.bson
2026-07-19T03:00:01.779+0000	writing gansou_db.authsessions to /tmp/mongodb_backup_2026-07-19_03-00-01/gansou_db/authsessions.bson
2026-07-19T03:00:01.779+0000	writing gansou_db.authsessions to /tmp/mongodb_backup_2026-07-19_03-00-01/gansou_db/authsessions.bson
2026-07-19T03:00:01.780+0000	writing gansou_db.projects to /tmp/mongodb_backup_2026-07-19_03-00-01/gansou_db/projects.bson
2026-07-19T03:00:01.780+0000	writing gansou_db.projects to /tmp/mongodb_backup_2026-07-19_03-00-01/gansou_db/projects.bson
2026-07-19T03:00:01.790+0000	done dumping gansou_db.authsessions (25 documents)
2026-07-19T03:00:01.790+0000	done dumping gansou_db.authsessions (25 documents)
2026-07-19T03:00:01.791+0000	writing gansou_db.messages to /tmp/mongodb_backup_2026-07-19_03-00-01/gansou_db/messages.bson
2026-07-19T03:00:01.791+0000	writing gansou_db.messages to /tmp/mongodb_backup_2026-07-19_03-00-01/gansou_db/messages.bson
2026-07-19T03:00:01.792+0000	done dumping gansou_db.reservations (26 documents)
2026-07-19T03:00:01.792+0000	done dumping gansou_db.reservations (26 documents)
2026-07-19T03:00:01.792+0000	writing gansou_db.authidentitysecurities to /tmp/mongodb_backup_2026-07-19_03-00-01/gansou_db/authidentitysecurities.bson
2026-07-19T03:00:01.792+0000	writing gansou_db.authidentitysecurities to /tmp/mongodb_backup_2026-07-19_03-00-01/gansou_db/authidentitysecurities.bson
2026-07-19T03:00:01.797+0000	done dumping gansou_db.projects (17 documents)
2026-07-19T03:00:01.797+0000	done dumping gansou_db.projects (17 documents)
2026-07-19T03:00:01.797+0000	writing gansou_db.offers to /tmp/mongodb_backup_2026-07-19_03-00-01/gansou_db/offers.bson
2026-07-19T03:00:01.797+0000	writing gansou_db.offers to /tmp/mongodb_backup_2026-07-19_03-00-01/gansou_db/offers.bson
2026-07-19T03:00:01.797+0000	done dumping gansou_db.authsecurityaudits (53 documents)
2026-07-19T03:00:01.798+0000	writing gansou_db.tags to /tmp/mongodb_backup_2026-07-19_03-00-01/gansou_db/tags.bson
2026-07-19T03:00:01.797+0000	done dumping gansou_db.authsecurityaudits (53 documents)
2026-07-19T03:00:01.798+0000	writing gansou_db.tags to /tmp/mongodb_backup_2026-07-19_03-00-01/gansou_db/tags.bson
2026-07-19T03:00:01.798+0000	done dumping gansou_db.authidentitysecurities (4 documents)
2026-07-19T03:00:01.798+0000	writing gansou_db.authidentities to /tmp/mongodb_backup_2026-07-19_03-00-01/gansou_db/authidentities.bson
2026-07-19T03:00:01.798+0000	done dumping gansou_db.authidentitysecurities (4 documents)
2026-07-19T03:00:01.798+0000	writing gansou_db.authidentities to /tmp/mongodb_backup_2026-07-19_03-00-01/gansou_db/authidentities.bson
2026-07-19T03:00:01.799+0000	done dumping gansou_db.messages (12 documents)
2026-07-19T03:00:01.799+0000	writing gansou_db.admins to /tmp/mongodb_backup_2026-07-19_03-00-01/gansou_db/admins.bson
2026-07-19T03:00:01.799+0000	done dumping gansou_db.messages (12 documents)
2026-07-19T03:00:01.799+0000	writing gansou_db.admins to /tmp/mongodb_backup_2026-07-19_03-00-01/gansou_db/admins.bson
2026-07-19T03:00:01.802+0000	done dumping gansou_db.authidentities (3 documents)
2026-07-19T03:00:01.802+0000	writing gansou_db.mfaconfigs to /tmp/mongodb_backup_2026-07-19_03-00-01/gansou_db/mfaconfigs.bson
2026-07-19T03:00:01.802+0000	done dumping gansou_db.authidentities (3 documents)
2026-07-19T03:00:01.802+0000	writing gansou_db.mfaconfigs to /tmp/mongodb_backup_2026-07-19_03-00-01/gansou_db/mfaconfigs.bson
2026-07-19T03:00:01.802+0000	done dumping gansou_db.tags (3 documents)
2026-07-19T03:00:01.802+0000	writing gansou_db.articles to /tmp/mongodb_backup_2026-07-19_03-00-01/gansou_db/articles.bson
2026-07-19T03:00:01.802+0000	done dumping gansou_db.tags (3 documents)
2026-07-19T03:00:01.802+0000	writing gansou_db.articles to /tmp/mongodb_backup_2026-07-19_03-00-01/gansou_db/articles.bson
2026-07-19T03:00:01.802+0000	done dumping gansou_db.admins (3 documents)
2026-07-19T03:00:01.802+0000	writing gansou_db.sections to /tmp/mongodb_backup_2026-07-19_03-00-01/gansou_db/sections.bson
2026-07-19T03:00:01.802+0000	done dumping gansou_db.admins (3 documents)
2026-07-19T03:00:01.802+0000	writing gansou_db.sections to /tmp/mongodb_backup_2026-07-19_03-00-01/gansou_db/sections.bson
2026-07-19T03:00:01.803+0000	done dumping gansou_db.offers (4 documents)
2026-07-19T03:00:01.803+0000	done dumping gansou_db.offers (4 documents)
2026-07-19T03:00:01.804+0000	done dumping gansou_db.articles (0 documents)
2026-07-19T03:00:01.804+0000	done dumping gansou_db.articles (0 documents)
2026-07-19T03:00:01.804+0000	done dumping gansou_db.mfaconfigs (0 documents)
2026-07-19T03:00:01.804+0000	done dumping gansou_db.mfaconfigs (0 documents)
2026-07-19T03:00:01.804+0000	done dumping gansou_db.sections (0 documents)
2026-07-19T03:00:01.804+0000	done dumping gansou_db.sections (0 documents)
2026-07-19 03:00:01 [[0;32mSUCCESS[0m] Dump MongoDB cree avec succes
2026-07-19 03:00:01 [[0;32mSUCCESS[0m] Dump MongoDB cree avec succes
2026-07-19 03:00:01 [INFO] Compression du backup...
2026-07-19 03:00:01 [INFO] Compression du backup...
mongodb_backup_2026-07-19_03-00-01/
mongodb_backup_2026-07-19_03-00-01/gansou_db/
mongodb_backup_2026-07-19_03-00-01/gansou_db/offers.metadata.json
mongodb_backup_2026-07-19_03-00-01/gansou_db/sections.bson
mongodb_backup_2026-07-19_03-00-01/gansou_db/mfaconfigs.bson
mongodb_backup_2026-07-19_03-00-01/gansou_db/authidentitysecurities.metadata.json
mongodb_backup_2026-07-19_03-00-01/gansou_db/projects.bson
mongodb_backup_2026-07-19_03-00-01/gansou_db/projects.metadata.json
mongodb_backup_2026-07-19_03-00-01/gansou_db/reservations.metadata.json
mongodb_backup_2026-07-19_03-00-01/gansou_db/articles.metadata.json
mongodb_backup_2026-07-19_03-00-01/gansou_db/reservations.bson
mongodb_backup_2026-07-19_03-00-01/
mongodb_backup_2026-07-19_03-00-01/gansou_db/
mongodb_backup_2026-07-19_03-00-01/gansou_db/offers.metadata.json
mongodb_backup_2026-07-19_03-00-01/gansou_db/sections.bson
mongodb_backup_2026-07-19_03-00-01/gansou_db/mfaconfigs.bson
mongodb_backup_2026-07-19_03-00-01/gansou_db/authidentitysecurities.metadata.json
mongodb_backup_2026-07-19_03-00-01/gansou_db/projects.bson
mongodb_backup_2026-07-19_03-00-01/gansou_db/projects.metadata.json
mongodb_backup_2026-07-19_03-00-01/gansou_db/reservations.metadata.json
mongodb_backup_2026-07-19_03-00-01/gansou_db/articles.metadata.json
mongodb_backup_2026-07-19_03-00-01/gansou_db/reservations.bson
mongodb_backup_2026-07-19_03-00-01/gansou_db/mfaconfigs.metadata.json
mongodb_backup_2026-07-19_03-00-01/gansou_db/prelude.json
mongodb_backup_2026-07-19_03-00-01/gansou_db/offers.bson
mongodb_backup_2026-07-19_03-00-01/gansou_db/authidentitysecurities.bson
mongodb_backup_2026-07-19_03-00-01/gansou_db/authidentities.metadata.json
mongodb_backup_2026-07-19_03-00-01/gansou_db/tags.metadata.json
mongodb_backup_2026-07-19_03-00-01/gansou_db/articles.bson
mongodb_backup_2026-07-19_03-00-01/gansou_db/messages.metadata.json
mongodb_backup_2026-07-19_03-00-01/gansou_db/messages.bson
mongodb_backup_2026-07-19_03-00-01/gansou_db/authsessions.metadata.json
mongodb_backup_2026-07-19_03-00-01/gansou_db/authsecurityaudits.metadata.json
mongodb_backup_2026-07-19_03-00-01/gansou_db/authsessions.bson
mongodb_backup_2026-07-19_03-00-01/gansou_db/tags.bson
mongodb_backup_2026-07-19_03-00-01/gansou_db/sections.metadata.json
mongodb_backup_2026-07-19_03-00-01/gansou_db/admins.bson
mongodb_backup_2026-07-19_03-00-01/gansou_db/authidentities.bson
mongodb_backup_2026-07-19_03-00-01/gansou_db/admins.metadata.json
mongodb_backup_2026-07-19_03-00-01/gansou_db/authsecurityaudits.bson
mongodb_backup_2026-07-19_03-00-01/gansou_db/mfaconfigs.metadata.json
mongodb_backup_2026-07-19_03-00-01/gansou_db/prelude.json
mongodb_backup_2026-07-19_03-00-01/gansou_db/offers.bson
mongodb_backup_2026-07-19_03-00-01/gansou_db/authidentitysecurities.bson
mongodb_backup_2026-07-19_03-00-01/gansou_db/authidentities.metadata.json
mongodb_backup_2026-07-19_03-00-01/gansou_db/tags.metadata.json
mongodb_backup_2026-07-19_03-00-01/gansou_db/articles.bson
mongodb_backup_2026-07-19_03-00-01/gansou_db/messages.metadata.json
mongodb_backup_2026-07-19_03-00-01/gansou_db/messages.bson
mongodb_backup_2026-07-19_03-00-01/gansou_db/authsessions.metadata.json
mongodb_backup_2026-07-19_03-00-01/gansou_db/authsecurityaudits.metadata.json
mongodb_backup_2026-07-19_03-00-01/gansou_db/authsessions.bson
mongodb_backup_2026-07-19_03-00-01/gansou_db/tags.bson
mongodb_backup_2026-07-19_03-00-01/gansou_db/sections.metadata.json
mongodb_backup_2026-07-19_03-00-01/gansou_db/admins.bson
mongodb_backup_2026-07-19_03-00-01/gansou_db/authidentities.bson
mongodb_backup_2026-07-19_03-00-01/gansou_db/admins.metadata.json
mongodb_backup_2026-07-19_03-00-01/gansou_db/authsecurityaudits.bson
2026-07-19 03:00:01 [[0;32mSUCCESS[0m] Backup compresse: /root/MaisonGANSOU/backups/mongodb/mongodb_backup_2026-07-19_03-00-01.tar.gz (28K)
2026-07-19 03:00:01 [[0;32mSUCCESS[0m] Backup compresse: /root/MaisonGANSOU/backups/mongodb/mongodb_backup_2026-07-19_03-00-01.tar.gz (28K)
2026-07-19 03:00:01 [[1;33mWARNING[0m] Configuration S3 incomplete. Backup local uniquement.
2026-07-19 03:00:01 [[1;33mWARNING[0m] Configuration S3 incomplete. Backup local uniquement.
2026-07-19 03:00:01 [[1;33mWARNING[0m] Configurez les variables AWS dans /root/MaisonGANSOU/backend/.env
2026-07-19 03:00:01 [[1;33mWARNING[0m] Configurez les variables AWS dans /root/MaisonGANSOU/backend/.env
2026-07-19 03:00:01 [INFO] Nettoyage des anciens backups (> 30 jours)...
2026-07-19 03:00:01 [INFO] Nettoyage des anciens backups (> 30 jours)...
2026-07-19 03:00:01 [INFO] 1 ancien(s) backup(s) supprime(s)
2026-07-19 03:00:01 [INFO] 1 ancien(s) backup(s) supprime(s)
2026-07-19 03:00:02 [INFO] ==========================================
2026-07-19 03:00:02 [INFO] ==========================================
2026-07-19 03:00:02 [[0;32mSUCCESS[0m] Sauvegarde terminee avec succes!
2026-07-19 03:00:02 [[0;32mSUCCESS[0m] Sauvegarde terminee avec succes!
2026-07-19 03:00:02 [INFO] Fichier local: /root/MaisonGANSOU/backups/mongodb/mongodb_backup_2026-07-19_03-00-01.tar.gz
2026-07-19 03:00:02 [INFO] Fichier local: /root/MaisonGANSOU/backups/mongodb/mongodb_backup_2026-07-19_03-00-01.tar.gz
2026-07-19 03:00:02 [INFO] Taille: 28K
2026-07-19 03:00:02 [INFO] Taille: 28K
2026-07-19 03:00:02 [INFO] ==========================================
2026-07-19 03:00:02 [INFO] ==========================================
2026-07-19 03:00:02 [INFO] Backups disponibles:
2026-07-19 03:00:02 [INFO] Backups disponibles:
-rw-r--r-- 1 root root 24K Jun 21 03:00 /root/MaisonGANSOU/backups/mongodb/mongodb_backup_2026-06-21_03-00-01.tar.gz
-rw-r--r-- 1 root root 24K Jun 28 03:00 /root/MaisonGANSOU/backups/mongodb/mongodb_backup_2026-06-28_03-00-01.tar.gz
-rw-r--r-- 1 root root 24K Jul  5 03:00 /root/MaisonGANSOU/backups/mongodb/mongodb_backup_2026-07-05_03-00-01.tar.gz
-rw-r--r-- 1 root root 24K Jul 12 03:00 /root/MaisonGANSOU/backups/mongodb/mongodb_backup_2026-07-12_03-00-01.tar.gz
-rw-r--r-- 1 root root 28K Jul 19 03:00 /root/MaisonGANSOU/backups/mongodb/mongodb_backup_2026-07-19_03-00-01.tar.gz
-rw-r--r-- 1 root root 24K Jun 21 03:00 /root/MaisonGANSOU/backups/mongodb/mongodb_backup_2026-06-21_03-00-01.tar.gz
-rw-r--r-- 1 root root 24K Jun 28 03:00 /root/MaisonGANSOU/backups/mongodb/mongodb_backup_2026-06-28_03-00-01.tar.gz
-rw-r--r-- 1 root root 24K Jul  5 03:00 /root/MaisonGANSOU/backups/mongodb/mongodb_backup_2026-07-05_03-00-01.tar.gz
-rw-r--r-- 1 root root 24K Jul 12 03:00 /root/MaisonGANSOU/backups/mongodb/mongodb_backup_2026-07-12_03-00-01.tar.gz
-rw-r--r-- 1 root root 28K Jul 19 03:00 /root/MaisonGANSOU/backups/mongodb/mongodb_backup_2026-07-19_03-00-01.tar.gz
2026-07-26 03:00:01 [INFO] ==========================================
2026-07-26 03:00:01 [INFO] ==========================================
2026-07-26 03:00:01 [INFO] Demarrage de la sauvegarde MongoDB
2026-07-26 03:00:01 [INFO] Demarrage de la sauvegarde MongoDB
2026-07-26 03:00:01 [INFO] ==========================================
2026-07-26 03:00:01 [INFO] ==========================================
2026-07-26 03:00:01 [INFO] Container MongoDB detecte: maison-mongodb
2026-07-26 03:00:01 [INFO] Container MongoDB detecte: maison-mongodb
2026-07-26 03:00:01 [INFO] Creation du dump MongoDB...
2026-07-26 03:00:01 [INFO] Creation du dump MongoDB...
2026-07-26T03:00:01.972+0000	writing gansou_db.authsecurityaudits to /tmp/mongodb_backup_2026-07-26_03-00-01/gansou_db/authsecurityaudits.bson
2026-07-26T03:00:01.972+0000	writing gansou_db.authsecurityaudits to /tmp/mongodb_backup_2026-07-26_03-00-01/gansou_db/authsecurityaudits.bson
2026-07-26T03:00:01.973+0000	writing gansou_db.authsessions to /tmp/mongodb_backup_2026-07-26_03-00-01/gansou_db/authsessions.bson
2026-07-26T03:00:01.974+0000	writing gansou_db.reservations to /tmp/mongodb_backup_2026-07-26_03-00-01/gansou_db/reservations.bson
2026-07-26T03:00:01.973+0000	writing gansou_db.authsessions to /tmp/mongodb_backup_2026-07-26_03-00-01/gansou_db/authsessions.bson
2026-07-26T03:00:01.974+0000	writing gansou_db.reservations to /tmp/mongodb_backup_2026-07-26_03-00-01/gansou_db/reservations.bson
2026-07-26T03:00:01.974+0000	writing gansou_db.projects to /tmp/mongodb_backup_2026-07-26_03-00-01/gansou_db/projects.bson
2026-07-26T03:00:01.974+0000	writing gansou_db.projects to /tmp/mongodb_backup_2026-07-26_03-00-01/gansou_db/projects.bson
2026-07-26T03:00:01.982+0000	done dumping gansou_db.authsecurityaudits (55 documents)
2026-07-26T03:00:01.982+0000	done dumping gansou_db.authsecurityaudits (55 documents)
2026-07-26T03:00:01.984+0000	writing gansou_db.messages to /tmp/mongodb_backup_2026-07-26_03-00-01/gansou_db/messages.bson
2026-07-26T03:00:01.984+0000	writing gansou_db.messages to /tmp/mongodb_backup_2026-07-26_03-00-01/gansou_db/messages.bson
2026-07-26T03:00:01.988+0000	done dumping gansou_db.reservations (26 documents)
2026-07-26T03:00:01.988+0000	writing gansou_db.authidentitysecurities to /tmp/mongodb_backup_2026-07-26_03-00-01/gansou_db/authidentitysecurities.bson
2026-07-26T03:00:01.988+0000	done dumping gansou_db.reservations (26 documents)
2026-07-26T03:00:01.988+0000	writing gansou_db.authidentitysecurities to /tmp/mongodb_backup_2026-07-26_03-00-01/gansou_db/authidentitysecurities.bson
2026-07-26T03:00:01.989+0000	done dumping gansou_db.messages (12 documents)
2026-07-26T03:00:01.989+0000	done dumping gansou_db.messages (12 documents)
2026-07-26T03:00:01.989+0000	writing gansou_db.offers to /tmp/mongodb_backup_2026-07-26_03-00-01/gansou_db/offers.bson
2026-07-26T03:00:01.989+0000	writing gansou_db.offers to /tmp/mongodb_backup_2026-07-26_03-00-01/gansou_db/offers.bson
2026-07-26T03:00:01.990+0000	done dumping gansou_db.projects (17 documents)
2026-07-26T03:00:01.990+0000	writing gansou_db.tags to /tmp/mongodb_backup_2026-07-26_03-00-01/gansou_db/tags.bson
2026-07-26T03:00:01.990+0000	done dumping gansou_db.projects (17 documents)
2026-07-26T03:00:01.990+0000	writing gansou_db.tags to /tmp/mongodb_backup_2026-07-26_03-00-01/gansou_db/tags.bson
2026-07-26T03:00:01.991+0000	done dumping gansou_db.authsessions (26 documents)
2026-07-26T03:00:01.991+0000	done dumping gansou_db.authsessions (26 documents)
2026-07-26T03:00:01.991+0000	writing gansou_db.authidentities to /tmp/mongodb_backup_2026-07-26_03-00-01/gansou_db/authidentities.bson
2026-07-26T03:00:01.991+0000	writing gansou_db.authidentities to /tmp/mongodb_backup_2026-07-26_03-00-01/gansou_db/authidentities.bson
2026-07-26T03:00:01.994+0000	done dumping gansou_db.offers (4 documents)
2026-07-26T03:00:01.994+0000	writing gansou_db.admins to /tmp/mongodb_backup_2026-07-26_03-00-01/gansou_db/admins.bson
2026-07-26T03:00:01.994+0000	done dumping gansou_db.authidentitysecurities (4 documents)
2026-07-26T03:00:01.994+0000	writing gansou_db.mfaconfigs to /tmp/mongodb_backup_2026-07-26_03-00-01/gansou_db/mfaconfigs.bson
2026-07-26T03:00:01.994+0000	done dumping gansou_db.offers (4 documents)
2026-07-26T03:00:01.994+0000	writing gansou_db.admins to /tmp/mongodb_backup_2026-07-26_03-00-01/gansou_db/admins.bson
2026-07-26T03:00:01.994+0000	done dumping gansou_db.authidentitysecurities (4 documents)
2026-07-26T03:00:01.994+0000	writing gansou_db.mfaconfigs to /tmp/mongodb_backup_2026-07-26_03-00-01/gansou_db/mfaconfigs.bson
2026-07-26T03:00:01.996+0000	done dumping gansou_db.tags (3 documents)
2026-07-26T03:00:01.996+0000	writing gansou_db.articles to /tmp/mongodb_backup_2026-07-26_03-00-01/gansou_db/articles.bson
2026-07-26T03:00:01.996+0000	done dumping gansou_db.tags (3 documents)
2026-07-26T03:00:01.996+0000	writing gansou_db.articles to /tmp/mongodb_backup_2026-07-26_03-00-01/gansou_db/articles.bson
2026-07-26T03:00:01.997+0000	done dumping gansou_db.admins (3 documents)
2026-07-26T03:00:01.997+0000	done dumping gansou_db.admins (3 documents)
2026-07-26T03:00:01.997+0000	writing gansou_db.sections to /tmp/mongodb_backup_2026-07-26_03-00-01/gansou_db/sections.bson
2026-07-26T03:00:01.997+0000	writing gansou_db.sections to /tmp/mongodb_backup_2026-07-26_03-00-01/gansou_db/sections.bson
2026-07-26T03:00:01.998+0000	done dumping gansou_db.mfaconfigs (0 documents)
2026-07-26T03:00:01.998+0000	done dumping gansou_db.mfaconfigs (0 documents)
2026-07-26T03:00:01.999+0000	done dumping gansou_db.authidentities (3 documents)
2026-07-26T03:00:01.999+0000	done dumping gansou_db.authidentities (3 documents)
2026-07-26T03:00:02.000+0000	done dumping gansou_db.articles (0 documents)
2026-07-26T03:00:02.000+0000	done dumping gansou_db.articles (0 documents)
2026-07-26T03:00:02.001+0000	done dumping gansou_db.sections (0 documents)
2026-07-26T03:00:02.001+0000	done dumping gansou_db.sections (0 documents)
2026-07-26 03:00:02 [[0;32mSUCCESS[0m] Dump MongoDB cree avec succes
2026-07-26 03:00:02 [[0;32mSUCCESS[0m] Dump MongoDB cree avec succes
2026-07-26 03:00:02 [INFO] Compression du backup...
2026-07-26 03:00:02 [INFO] Compression du backup...
mongodb_backup_2026-07-26_03-00-01/
mongodb_backup_2026-07-26_03-00-01/gansou_db/
mongodb_backup_2026-07-26_03-00-01/gansou_db/offers.metadata.json
mongodb_backup_2026-07-26_03-00-01/gansou_db/sections.bson
mongodb_backup_2026-07-26_03-00-01/gansou_db/mfaconfigs.bson
mongodb_backup_2026-07-26_03-00-01/gansou_db/authidentitysecurities.metadata.json
mongodb_backup_2026-07-26_03-00-01/gansou_db/projects.bson
mongodb_backup_2026-07-26_03-00-01/gansou_db/projects.metadata.json
mongodb_backup_2026-07-26_03-00-01/gansou_db/reservations.metadata.json
mongodb_backup_2026-07-26_03-00-01/gansou_db/articles.metadata.json
mongodb_backup_2026-07-26_03-00-01/gansou_db/reservations.bson
mongodb_backup_2026-07-26_03-00-01/
mongodb_backup_2026-07-26_03-00-01/gansou_db/
mongodb_backup_2026-07-26_03-00-01/gansou_db/offers.metadata.json
mongodb_backup_2026-07-26_03-00-01/gansou_db/sections.bson
mongodb_backup_2026-07-26_03-00-01/gansou_db/mfaconfigs.bson
mongodb_backup_2026-07-26_03-00-01/gansou_db/authidentitysecurities.metadata.json
mongodb_backup_2026-07-26_03-00-01/gansou_db/projects.bson
mongodb_backup_2026-07-26_03-00-01/gansou_db/projects.metadata.json
mongodb_backup_2026-07-26_03-00-01/gansou_db/reservations.metadata.json
mongodb_backup_2026-07-26_03-00-01/gansou_db/articles.metadata.json
mongodb_backup_2026-07-26_03-00-01/gansou_db/reservations.bson
mongodb_backup_2026-07-26_03-00-01/gansou_db/mfaconfigs.metadata.json
mongodb_backup_2026-07-26_03-00-01/gansou_db/prelude.json
mongodb_backup_2026-07-26_03-00-01/gansou_db/offers.bson
mongodb_backup_2026-07-26_03-00-01/gansou_db/authidentitysecurities.bson
mongodb_backup_2026-07-26_03-00-01/gansou_db/authidentities.metadata.json
mongodb_backup_2026-07-26_03-00-01/gansou_db/tags.metadata.json
mongodb_backup_2026-07-26_03-00-01/gansou_db/articles.bson
mongodb_backup_2026-07-26_03-00-01/gansou_db/messages.metadata.json
mongodb_backup_2026-07-26_03-00-01/gansou_db/messages.bson
mongodb_backup_2026-07-26_03-00-01/gansou_db/authsessions.metadata.json
mongodb_backup_2026-07-26_03-00-01/gansou_db/authsecurityaudits.metadata.json
mongodb_backup_2026-07-26_03-00-01/gansou_db/authsessions.bson
mongodb_backup_2026-07-26_03-00-01/gansou_db/tags.bson
mongodb_backup_2026-07-26_03-00-01/gansou_db/sections.metadata.json
mongodb_backup_2026-07-26_03-00-01/gansou_db/admins.bson
mongodb_backup_2026-07-26_03-00-01/gansou_db/authidentities.bson
mongodb_backup_2026-07-26_03-00-01/gansou_db/admins.metadata.json
mongodb_backup_2026-07-26_03-00-01/gansou_db/authsecurityaudits.bson
mongodb_backup_2026-07-26_03-00-01/gansou_db/mfaconfigs.metadata.json
mongodb_backup_2026-07-26_03-00-01/gansou_db/prelude.json
mongodb_backup_2026-07-26_03-00-01/gansou_db/offers.bson
mongodb_backup_2026-07-26_03-00-01/gansou_db/authidentitysecurities.bson
mongodb_backup_2026-07-26_03-00-01/gansou_db/authidentities.metadata.json
mongodb_backup_2026-07-26_03-00-01/gansou_db/tags.metadata.json
mongodb_backup_2026-07-26_03-00-01/gansou_db/articles.bson
mongodb_backup_2026-07-26_03-00-01/gansou_db/messages.metadata.json
mongodb_backup_2026-07-26_03-00-01/gansou_db/messages.bson
mongodb_backup_2026-07-26_03-00-01/gansou_db/authsessions.metadata.json
mongodb_backup_2026-07-26_03-00-01/gansou_db/authsecurityaudits.metadata.json
mongodb_backup_2026-07-26_03-00-01/gansou_db/authsessions.bson
mongodb_backup_2026-07-26_03-00-01/gansou_db/tags.bson
mongodb_backup_2026-07-26_03-00-01/gansou_db/sections.metadata.json
mongodb_backup_2026-07-26_03-00-01/gansou_db/admins.bson
mongodb_backup_2026-07-26_03-00-01/gansou_db/authidentities.bson
mongodb_backup_2026-07-26_03-00-01/gansou_db/admins.metadata.json
mongodb_backup_2026-07-26_03-00-01/gansou_db/authsecurityaudits.bson
2026-07-26 03:00:02 [[0;32mSUCCESS[0m] Backup compresse: /root/MaisonGANSOU/backups/mongodb/mongodb_backup_2026-07-26_03-00-01.tar.gz (28K)
2026-07-26 03:00:02 [[0;32mSUCCESS[0m] Backup compresse: /root/MaisonGANSOU/backups/mongodb/mongodb_backup_2026-07-26_03-00-01.tar.gz (28K)
2026-07-26 03:00:02 [[1;33mWARNING[0m] Configuration S3 incomplete. Backup local uniquement.
2026-07-26 03:00:02 [[1;33mWARNING[0m] Configuration S3 incomplete. Backup local uniquement.
2026-07-26 03:00:02 [[1;33mWARNING[0m] Configurez les variables AWS dans /root/MaisonGANSOU/backend/.env
2026-07-26 03:00:02 [[1;33mWARNING[0m] Configurez les variables AWS dans /root/MaisonGANSOU/backend/.env
2026-07-26 03:00:02 [INFO] Nettoyage des anciens backups (> 30 jours)...
2026-07-26 03:00:02 [INFO] Nettoyage des anciens backups (> 30 jours)...
2026-07-26 03:00:02 [INFO] 1 ancien(s) backup(s) supprime(s)
2026-07-26 03:00:02 [INFO] 1 ancien(s) backup(s) supprime(s)
2026-07-26 03:00:02 [INFO] ==========================================
2026-07-26 03:00:02 [INFO] ==========================================
2026-07-26 03:00:02 [[0;32mSUCCESS[0m] Sauvegarde terminee avec succes!
2026-07-26 03:00:02 [[0;32mSUCCESS[0m] Sauvegarde terminee avec succes!
2026-07-26 03:00:02 [INFO] Fichier local: /root/MaisonGANSOU/backups/mongodb/mongodb_backup_2026-07-26_03-00-01.tar.gz
2026-07-26 03:00:02 [INFO] Fichier local: /root/MaisonGANSOU/backups/mongodb/mongodb_backup_2026-07-26_03-00-01.tar.gz
2026-07-26 03:00:02 [INFO] Taille: 28K
2026-07-26 03:00:02 [INFO] Taille: 28K
2026-07-26 03:00:02 [INFO] ==========================================
2026-07-26 03:00:02 [INFO] ==========================================
2026-07-26 03:00:02 [INFO] Backups disponibles:
2026-07-26 03:00:02 [INFO] Backups disponibles:
-rw-r--r-- 1 root root 24K Jun 28 03:00 /root/MaisonGANSOU/backups/mongodb/mongodb_backup_2026-06-28_03-00-01.tar.gz
-rw-r--r-- 1 root root 24K Jul  5 03:00 /root/MaisonGANSOU/backups/mongodb/mongodb_backup_2026-07-05_03-00-01.tar.gz
-rw-r--r-- 1 root root 24K Jul 12 03:00 /root/MaisonGANSOU/backups/mongodb/mongodb_backup_2026-07-12_03-00-01.tar.gz
-rw-r--r-- 1 root root 28K Jul 19 03:00 /root/MaisonGANSOU/backups/mongodb/mongodb_backup_2026-07-19_03-00-01.tar.gz
-rw-r--r-- 1 root root 28K Jul 26 03:00 /root/MaisonGANSOU/backups/mongodb/mongodb_backup_2026-07-26_03-00-01.tar.gz
-rw-r--r-- 1 root root 24K Jun 28 03:00 /root/MaisonGANSOU/backups/mongodb/mongodb_backup_2026-06-28_03-00-01.tar.gz
-rw-r--r-- 1 root root 24K Jul  5 03:00 /root/MaisonGANSOU/backups/mongodb/mongodb_backup_2026-07-05_03-00-01.tar.gz
-rw-r--r-- 1 root root 24K Jul 12 03:00 /root/MaisonGANSOU/backups/mongodb/mongodb_backup_2026-07-12_03-00-01.tar.gz
-rw-r--r-- 1 root root 28K Jul 19 03:00 /root/MaisonGANSOU/backups/mongodb/mongodb_backup_2026-07-19_03-00-01.tar.gz
-rw-r--r-- 1 root root 28K Jul 26 03:00 /root/MaisonGANSOU/backups/mongodb/mongodb_backup_2026-07-26_03-00-01.tar.gz
